"../../../Engine/Plugins/FX/NiagaraFluids/Content/NDC_Grid3D_Gas.uasset" 0
"../../../Engine/Plugins/FX/NiagaraFluids/Content/NDC_Grid3D_Gas.uexp" 1
"../../../Engine/Plugins/Animation/ControlRig/Content/Controls/DefaultGizmoLibraryNormalized.uasset" 2
"../../../Engine/Plugins/Animation/ControlRig/Content/Controls/DefaultGizmoLibraryNormalized.uexp" 3
"../../../Engine/Plugins/Animation/ACLPlugin/Content/ACLAnimCurveCompressionSettings.uasset" 4
"../../../Engine/Plugins/Animation/ACLPlugin/Content/ACLAnimCurveCompressionSettings.uexp" 5
"../../../Engine/Plugins/Animation/ACLPlugin/Content/ACLAnimBoneCompressionSettings.uasset" 6
"../../../Engine/Plugins/Animation/ACLPlugin/Content/ACLAnimBoneCompressionSettings.uexp" 7
"../../../Engine/Plugins/2D/Paper2D/Content/PlaceholderTextures/DummySpriteTexture.ubulk" 8
"../../../Engine/Plugins/2D/Paper2D/Content/PlaceholderTextures/DummySpriteTexture.uasset" 9
"../../../Engine/Plugins/2D/Paper2D/Content/PlaceholderTextures/DummySpriteTexture.uexp" 10
"../../../Engine/Plugins/2D/Paper2D/Content/DummySprite.uasset" 11
"../../../Engine/Plugins/2D/Paper2D/Content/DummySprite.uexp" 12
"../../../Engine/Plugins/2D/Paper2D/Content/DefaultPaperTerrainMaterial.uasset" 13
"../../../Engine/Plugins/2D/Paper2D/Content/DefaultPaperTerrainMaterial.uexp" 14
"../../../Engine/Content/EngineSounds/Master.uasset" 15
"../../../Engine/Content/EngineSounds/Master.uexp" 16
"../../../Engine/Content/EngineMaterials/DefaultDestructiblePhysicalMaterial.uasset" 17
"../../../Engine/Content/EngineMaterials/DefaultDestructiblePhysicalMaterial.uexp" 18
"../../../Engine/Content/EngineFonts/Faces/RobotoLight.uexp" 19
"../../../Engine/Content/EngineFonts/Faces/RobotoLight.uasset" 20
"../../../Engine/Content/EngineFonts/Faces/RobotoLight.ufont" 21
"../../../Engine/Content/EngineFonts/Faces/RobotoBold.uexp" 22
"../../../Engine/Content/EngineFonts/Faces/RobotoBold.uasset" 23
"../../../Engine/Content/EngineFonts/Faces/RobotoBold.ufont" 24
"../../../Engine/Content/EngineFonts/Faces/RobotoRegular.uexp" 25
"../../../Engine/Content/EngineFonts/Faces/RobotoRegular.uasset" 26
"../../../Engine/Content/EngineFonts/Faces/RobotoRegular.ufont" 27
"../../../Engine/Content/EngineFonts/Faces/DroidSansFallback.uexp" 28
"../../../Engine/Content/EngineFonts/Faces/DroidSansFallback.uasset" 29
"../../../Engine/Content/EngineFonts/Faces/DroidSansFallback.ufont" 30
"../../../Engine/Content/EngineFonts/Faces/RobotoItalic.uexp" 31
"../../../Engine/Content/EngineFonts/Faces/RobotoItalic.uasset" 32
"../../../Engine/Content/EngineFonts/Faces/RobotoItalic.ufont" 33
"../../../Engine/Content/EngineFonts/Faces/RobotoBoldItalic.uexp" 34
"../../../Engine/Content/EngineFonts/Faces/RobotoBoldItalic.uasset" 35
"../../../Engine/Content/EngineFonts/Faces/RobotoBoldItalic.ufont" 36
"../../../Engine/Content/EngineFonts/Roboto.uasset" 37
"../../../Engine/Content/EngineFonts/Roboto.uexp" 38
"../../../Engine/Plugins/Interchange/Runtime/Content/Pipelines/DefaultTexturePipeline.uasset" 39
"../../../Engine/Plugins/Interchange/Runtime/Content/Pipelines/DefaultTexturePipeline.uexp" 40
"../../../Engine/Plugins/Interchange/Runtime/Content/Pipelines/DefaultSceneLevelPipeline.uasset" 41
"../../../Engine/Plugins/Interchange/Runtime/Content/Pipelines/DefaultSceneLevelPipeline.uexp" 42
"../../../Engine/Plugins/Interchange/Runtime/Content/Pipelines/DefaultSceneAssetsPipeline.uasset" 43
"../../../Engine/Plugins/Interchange/Runtime/Content/Pipelines/DefaultSceneAssetsPipeline.uexp" 44
"../../../Engine/Plugins/Interchange/Runtime/Content/Pipelines/DefaultMaterialXPipeline.uasset" 45
"../../../Engine/Plugins/Interchange/Runtime/Content/Pipelines/DefaultMaterialXPipeline.uexp" 46
"../../../Engine/Plugins/Interchange/Runtime/Content/Pipelines/DefaultMaterialPipeline.uasset" 47
"../../../Engine/Plugins/Interchange/Runtime/Content/Pipelines/DefaultMaterialPipeline.uexp" 48
"../../../Engine/Plugins/Interchange/Runtime/Content/Pipelines/DefaultGLTFSceneAssetsPipeline.uasset" 49
"../../../Engine/Plugins/Interchange/Runtime/Content/Pipelines/DefaultGLTFSceneAssetsPipeline.uexp" 50
"../../../Engine/Plugins/Interchange/Runtime/Content/Pipelines/DefaultGLTFPipeline.uasset" 51
"../../../Engine/Plugins/Interchange/Runtime/Content/Pipelines/DefaultGLTFPipeline.uexp" 52
"../../../Engine/Plugins/Interchange/Runtime/Content/Pipelines/DefaultGLTFAssetsPipeline.uasset" 53
"../../../Engine/Plugins/Interchange/Runtime/Content/Pipelines/DefaultGLTFAssetsPipeline.uexp" 54
"../../../Engine/Plugins/Interchange/Runtime/Content/Pipelines/DefaultAssetsPipeline.uasset" 55
"../../../Engine/Plugins/Interchange/Runtime/Content/Pipelines/DefaultAssetsPipeline.uexp" 56
"../../../Engine/Plugins/Experimental/WaterAdvanced/Content/Niagara/DataChannels/NDC_ShallowWater.uasset" 57
"../../../Engine/Plugins/Experimental/WaterAdvanced/Content/Niagara/DataChannels/NDC_ShallowWater.uexp" 58
"../../../Engine/Content/MobileResources/HUD/VirtualJoystick_Background.uasset" 59
"../../../Engine/Content/MobileResources/HUD/VirtualJoystick_Background.uexp" 60
"../../../Engine/Content/MobileResources/HUD/VirtualJoystick_Thumb.uasset" 61
"../../../Engine/Content/MobileResources/HUD/VirtualJoystick_Thumb.uexp" 62
"../../../Engine/Content/MobileResources/HUD/DefaultVirtualJoysticks.uasset" 63
"../../../Engine/Content/MobileResources/HUD/DefaultVirtualJoysticks.uexp" 64
"../../../Engine/Content/EditorResources/S_Actor.ubulk" 65
"../../../Engine/Content/EditorResources/S_Actor.uasset" 66
"../../../Engine/Content/EditorResources/S_Actor.uexp" 67
"../../../Engine/Content/EngineResources/GradientTexture0.uasset" 68
"../../../Engine/Content/EngineResources/GradientTexture0.uexp" 69
"../../../Engine/Content/EngineMaterials/PreintegratedSkinBRDF.uasset" 70
"../../../Engine/Content/EngineMaterials/PreintegratedSkinBRDF.uexp" 71
"../../../Engine/Content/EngineMaterials/MiniFont.uasset" 72
"../../../Engine/Content/EngineMaterials/MiniFont.uexp" 73
"../../../Engine/Content/EngineMaterials/FastBlueNoise_vec2_128x128x64.uasset" 74
"../../../Engine/Content/EngineMaterials/FastBlueNoise_vec2_128x128x64.uexp" 75
"../../../Engine/Content/EngineMaterials/FastBlueNoise_scalar_128x128x64.uasset" 76
"../../../Engine/Content/EngineMaterials/FastBlueNoise_scalar_128x128x64.uexp" 77
"../../../Engine/Content/EngineMaterials/DefaultWhiteGrid.ubulk" 78
"../../../Engine/Content/EngineMaterials/DefaultWhiteGrid.uasset" 79
"../../../Engine/Content/EngineMaterials/DefaultWhiteGrid.uexp" 80
"../../../Engine/Content/EngineMaterials/DefaultBokeh.uasset" 81
"../../../Engine/Content/EngineMaterials/DefaultBokeh.uexp" 82
"../../../Engine/Content/EngineMaterials/DefaultBloomKernel.uasset" 83
"../../../Engine/Content/EngineMaterials/DefaultBloomKernel.uexp" 84
"../../../Engine/Content/EngineDamageTypes/DmgTypeBP_Environmental.uasset" 85
"../../../Engine/Content/EngineDamageTypes/DmgTypeBP_Environmental.uexp" 86
"../../../Engine/Content/EditorResources/S_TriggerSphere.uasset" 87
"../../../Engine/Content/EditorResources/S_TriggerSphere.uexp" 88
"../../../Engine/Content/EditorResources/S_TriggerCapsule.uasset" 89
"../../../Engine/Content/EditorResources/S_TriggerCapsule.uexp" 90
"../../../Engine/Content/EditorResources/S_TriggerBox.uasset" 91
"../../../Engine/Content/EditorResources/S_TriggerBox.uexp" 92
"../../../Engine/Content/EditorResources/S_Trigger.ubulk" 93
"../../../Engine/Content/EditorResources/S_Trigger.uasset" 94
"../../../Engine/Content/EditorResources/S_Trigger.uexp" 95
"../../../Engine/Plugins/Runtime/AudioWidgets/Content/Resources/ScrubHandleDown_Clamped.uasset" 96
"../../../Engine/Plugins/Runtime/AudioWidgets/Content/Resources/ScrubHandleDown_Clamped.uexp" 97
"../../../Engine/Plugins/Experimental/Water/Content/Icons/WaterZoneActorSprite.ubulk" 98
"../../../Engine/Plugins/Experimental/Water/Content/Icons/WaterZoneActorSprite.uasset" 99
"../../../Engine/Plugins/Experimental/Water/Content/Icons/WaterZoneActorSprite.uexp" 100
"../../../Engine/Plugins/Experimental/Water/Content/Icons/WaterSprite.uasset" 101
"../../../Engine/Plugins/Experimental/Water/Content/Icons/WaterSprite.uexp" 102
"../../../Engine/Plugins/Experimental/Water/Content/Icons/WaterLandscapeBrushSprite.ubulk" 103
"../../../Engine/Plugins/Experimental/Water/Content/Icons/WaterLandscapeBrushSprite.uasset" 104
"../../../Engine/Plugins/Experimental/Water/Content/Icons/WaterLandscapeBrushSprite.uexp" 105
"../../../Engine/Plugins/Experimental/Water/Content/Icons/WaterErrorSprite.ubulk" 106
"../../../Engine/Plugins/Experimental/Water/Content/Icons/WaterErrorSprite.uasset" 107
"../../../Engine/Plugins/Experimental/Water/Content/Icons/WaterErrorSprite.uexp" 108
"../../../Engine/Plugins/Experimental/Water/Content/Icons/WaterBodyIslandSprite.uasset" 109
"../../../Engine/Plugins/Experimental/Water/Content/Icons/WaterBodyIslandSprite.uexp" 110
"../../../Engine/Plugins/Experimental/Water/Content/Icons/WaterBodyExclusionVolumeSprite.uasset" 111
"../../../Engine/Plugins/Experimental/Water/Content/Icons/WaterBodyExclusionVolumeSprite.uexp" 112
"../../../Engine/Content/EditorResources/S_Solver.ubulk" 113
"../../../Engine/Content/EditorResources/S_Solver.uasset" 114
"../../../Engine/Content/EditorResources/S_Solver.uexp" 115
"../../../Engine/Content/EditorResources/S_BoxReflectionCapture.uasset" 116
"../../../Engine/Content/EditorResources/S_BoxReflectionCapture.uexp" 117
"../../../Engine/Content/EditorResources/EmptyActor.uasset" 118
"../../../Engine/Content/EditorResources/EmptyActor.uexp" 119
"../../../Engine/Content/EditorResources/BSPVertex.uasset" 120
"../../../Engine/Content/EditorResources/BSPVertex.uexp" 121
"../../../Engine/Content/EditorLandscapeResources/DefaultAlphaTexture.uasset" 122
"../../../Engine/Content/EditorLandscapeResources/DefaultAlphaTexture.uexp" 123
"C:/Users/student/Desktop/BozkurtIlker/Unreal Engine/BozkurtIlkerFv1/Content/UI/WP_Stamina.uasset" 124
"C:/Users/student/Desktop/BozkurtIlker/Unreal Engine/BozkurtIlkerFv1/Content/UI/WP_Stamina.uexp" 125
"C:/Users/student/Desktop/BozkurtIlker/Unreal Engine/BozkurtIlkerFv1/Content/Characters/Mannequins/Meshes/SK_Mannequin.uasset" 126
"C:/Users/student/Desktop/BozkurtIlker/Unreal Engine/BozkurtIlkerFv1/Content/Characters/Mannequins/Meshes/SK_Mannequin.uexp" 127
"C:/Users/student/Desktop/BozkurtIlker/Unreal Engine/BozkurtIlkerFv1/Content/Characters/Mannequins/Textures/Quinn/T_Quinn_02ID_MSR_MSK.ubulk" 128
"C:/Users/student/Desktop/BozkurtIlker/Unreal Engine/BozkurtIlkerFv1/Content/Characters/Mannequins/Textures/Quinn/T_Quinn_02ID_MSR_MSK.uasset" 129
"C:/Users/student/Desktop/BozkurtIlker/Unreal Engine/BozkurtIlkerFv1/Content/Characters/Mannequins/Textures/Quinn/T_Quinn_02ID_MSR_MSK.uexp" 130
"C:/Users/student/Desktop/BozkurtIlker/Unreal Engine/BozkurtIlkerFv1/Content/Characters/Mannequins/Textures/Quinn/T_Quinn_02ID_BN.ubulk" 131
"C:/Users/student/Desktop/BozkurtIlker/Unreal Engine/BozkurtIlkerFv1/Content/Characters/Mannequins/Textures/Quinn/T_Quinn_02ID_BN.uasset" 132
"C:/Users/student/Desktop/BozkurtIlker/Unreal Engine/BozkurtIlkerFv1/Content/Characters/Mannequins/Textures/Quinn/T_Quinn_02ID_BN.uexp" 133
"C:/Users/student/Desktop/BozkurtIlker/Unreal Engine/BozkurtIlkerFv1/Content/Characters/Mannequins/Textures/Quinn/T_Quinn_02_ASAOMASK_MSK.ubulk" 134
"C:/Users/student/Desktop/BozkurtIlker/Unreal Engine/BozkurtIlkerFv1/Content/Characters/Mannequins/Textures/Quinn/T_Quinn_02_ASAOMASK_MSK.uasset" 135
"C:/Users/student/Desktop/BozkurtIlker/Unreal Engine/BozkurtIlkerFv1/Content/Characters/Mannequins/Textures/Quinn/T_Quinn_02_ASAOMASK_MSK.uexp" 136
"C:/Users/student/Desktop/BozkurtIlker/Unreal Engine/BozkurtIlkerFv1/Content/Characters/Mannequins/Textures/Quinn/T_Quinn_02_CCRCCPlastic_MSK.ubulk" 137
"C:/Users/student/Desktop/BozkurtIlker/Unreal Engine/BozkurtIlkerFv1/Content/Characters/Mannequins/Textures/Quinn/T_Quinn_02_CCRCCPlastic_MSK.uasset" 138
"C:/Users/student/Desktop/BozkurtIlker/Unreal Engine/BozkurtIlkerFv1/Content/Characters/Mannequins/Textures/Quinn/T_Quinn_02_CCRCCPlastic_MSK.uexp" 139
"C:/Users/student/Desktop/BozkurtIlker/Unreal Engine/BozkurtIlkerFv1/Content/Characters/Mannequins/Textures/Quinn/T_Quinn_02ID_Tan.ubulk" 140
"C:/Users/student/Desktop/BozkurtIlker/Unreal Engine/BozkurtIlkerFv1/Content/Characters/Mannequins/Textures/Quinn/T_Quinn_02ID_Tan.uasset" 141
"C:/Users/student/Desktop/BozkurtIlker/Unreal Engine/BozkurtIlkerFv1/Content/Characters/Mannequins/Textures/Quinn/T_Quinn_02ID_Tan.uexp" 142
"C:/Users/student/Desktop/BozkurtIlker/Unreal Engine/BozkurtIlkerFv1/Content/Characters/Mannequins/Textures/Quinn/T_Quinn_02ID_D.ubulk" 143
"C:/Users/student/Desktop/BozkurtIlker/Unreal Engine/BozkurtIlkerFv1/Content/Characters/Mannequins/Textures/Quinn/T_Quinn_02ID_D.uasset" 144
"C:/Users/student/Desktop/BozkurtIlker/Unreal Engine/BozkurtIlkerFv1/Content/Characters/Mannequins/Textures/Quinn/T_Quinn_02ID_D.uexp" 145
"C:/Users/student/Desktop/BozkurtIlker/Unreal Engine/BozkurtIlkerFv1/Content/Characters/Mannequins/Textures/Quinn/T_Quinn_01ID_MSR_MSK.ubulk" 146
"C:/Users/student/Desktop/BozkurtIlker/Unreal Engine/BozkurtIlkerFv1/Content/Characters/Mannequins/Textures/Quinn/T_Quinn_01ID_MSR_MSK.uasset" 147
"C:/Users/student/Desktop/BozkurtIlker/Unreal Engine/BozkurtIlkerFv1/Content/Characters/Mannequins/Textures/Quinn/T_Quinn_01ID_MSR_MSK.uexp" 148
"C:/Users/student/Desktop/BozkurtIlker/Unreal Engine/BozkurtIlkerFv1/Content/Characters/Mannequins/Materials/Functions/ChromaticCurve.uasset" 149
"C:/Users/student/Desktop/BozkurtIlker/Unreal Engine/BozkurtIlkerFv1/Content/Characters/Mannequins/Materials/Functions/ChromaticCurve.uexp" 150
"C:/Users/student/Desktop/BozkurtIlker/Unreal Engine/BozkurtIlkerFv1/Content/Characters/Mannequins/Materials/Functions/CA_Mannequin.uasset" 151
"C:/Users/student/Desktop/BozkurtIlker/Unreal Engine/BozkurtIlkerFv1/Content/Characters/Mannequins/Materials/Functions/CA_Mannequin.uexp" 152
"C:/Users/student/Desktop/BozkurtIlker/Unreal Engine/BozkurtIlkerFv1/Content/Characters/Mannequins/Materials/Functions/MF_Diffraction.uasset" 153
"C:/Users/student/Desktop/BozkurtIlker/Unreal Engine/BozkurtIlkerFv1/Content/Characters/Mannequins/Materials/Functions/MF_Diffraction.uexp" 154
"C:/Users/student/Desktop/BozkurtIlker/Unreal Engine/BozkurtIlkerFv1/Content/Characters/Mannequins/Textures/Manny/T_Manny_01_N.ubulk" 155
"C:/Users/student/Desktop/BozkurtIlker/Unreal Engine/BozkurtIlkerFv1/Content/Characters/Mannequins/Textures/Manny/T_Manny_01_N.uasset" 156
"C:/Users/student/Desktop/BozkurtIlker/Unreal Engine/BozkurtIlkerFv1/Content/Characters/Mannequins/Textures/Manny/T_Manny_01_N.uexp" 157
"C:/Users/student/Desktop/BozkurtIlker/Unreal Engine/BozkurtIlkerFv1/Content/Characters/Mannequins/Materials/Functions/ML_BaseColorFallOff.uasset" 158
"C:/Users/student/Desktop/BozkurtIlker/Unreal Engine/BozkurtIlkerFv1/Content/Characters/Mannequins/Materials/Functions/ML_BaseColorFallOff.uexp" 159
"../../../Engine/Content/Functions/Engine_MaterialFunctions02/Utility/BreakOutFloat2Components.uasset" 160
"../../../Engine/Content/Functions/Engine_MaterialFunctions02/Utility/BreakOutFloat2Components.uexp" 161
"../../../Engine/Content/Functions/Engine_MaterialFunctions01/Texturing/ScaleUVsByCenter.uasset" 162
"../../../Engine/Content/Functions/Engine_MaterialFunctions01/Texturing/ScaleUVsByCenter.uexp" 163
"C:/Users/student/Desktop/BozkurtIlker/Unreal Engine/BozkurtIlkerFv1/Content/Characters/Mannequins/Textures/Shared/T_UE_Logo_M.uasset" 164
"C:/Users/student/Desktop/BozkurtIlker/Unreal Engine/BozkurtIlkerFv1/Content/Characters/Mannequins/Textures/Shared/T_UE_Logo_M.uexp" 165
"C:/Users/student/Desktop/BozkurtIlker/Unreal Engine/BozkurtIlkerFv1/Content/Characters/Mannequins/Materials/Functions/MF_logo3layers.uasset" 166
"C:/Users/student/Desktop/BozkurtIlker/Unreal Engine/BozkurtIlkerFv1/Content/Characters/Mannequins/Materials/Functions/MF_logo3layers.uexp" 167
"C:/Users/student/Desktop/BozkurtIlker/Unreal Engine/BozkurtIlkerFv1/Content/Characters/Mannequins/Textures/Manny/T_Manny_01_CCRCCPlastic_MSK.ubulk" 168
"C:/Users/student/Desktop/BozkurtIlker/Unreal Engine/BozkurtIlkerFv1/Content/Characters/Mannequins/Textures/Manny/T_Manny_01_CCRCCPlastic_MSK.uasset" 169
"C:/Users/student/Desktop/BozkurtIlker/Unreal Engine/BozkurtIlkerFv1/Content/Characters/Mannequins/Textures/Manny/T_Manny_01_CCRCCPlastic_MSK.uexp" 170
"C:/Users/student/Desktop/BozkurtIlker/Unreal Engine/BozkurtIlkerFv1/Content/Characters/Mannequins/Textures/Manny/T_Manny_01_ASAOPMASK_MSK.ubulk" 171
"C:/Users/student/Desktop/BozkurtIlker/Unreal Engine/BozkurtIlkerFv1/Content/Characters/Mannequins/Textures/Manny/T_Manny_01_ASAOPMASK_MSK.uasset" 172
"C:/Users/student/Desktop/BozkurtIlker/Unreal Engine/BozkurtIlkerFv1/Content/Characters/Mannequins/Textures/Manny/T_Manny_01_ASAOPMASK_MSK.uexp" 173
"C:/Users/student/Desktop/BozkurtIlker/Unreal Engine/BozkurtIlkerFv1/Content/Characters/Mannequins/Textures/Manny/T_Manny_01_MSR_MSK.ubulk" 174
"C:/Users/student/Desktop/BozkurtIlker/Unreal Engine/BozkurtIlkerFv1/Content/Characters/Mannequins/Textures/Manny/T_Manny_01_MSR_MSK.uasset" 175
"C:/Users/student/Desktop/BozkurtIlker/Unreal Engine/BozkurtIlkerFv1/Content/Characters/Mannequins/Textures/Manny/T_Manny_01_MSR_MSK.uexp" 176
"C:/Users/student/Desktop/BozkurtIlker/Unreal Engine/BozkurtIlkerFv1/Content/Characters/Mannequins/Textures/Manny/T_Manny_01_BN.ubulk" 177
"C:/Users/student/Desktop/BozkurtIlker/Unreal Engine/BozkurtIlkerFv1/Content/Characters/Mannequins/Textures/Manny/T_Manny_01_BN.uasset" 178
"C:/Users/student/Desktop/BozkurtIlker/Unreal Engine/BozkurtIlkerFv1/Content/Characters/Mannequins/Textures/Manny/T_Manny_01_BN.uexp" 179
"C:/Users/student/Desktop/BozkurtIlker/Unreal Engine/BozkurtIlkerFv1/Content/Characters/Mannequins/Textures/Manny/T_Manny_01_D.ubulk" 180
"C:/Users/student/Desktop/BozkurtIlker/Unreal Engine/BozkurtIlkerFv1/Content/Characters/Mannequins/Textures/Manny/T_Manny_01_D.uasset" 181
"C:/Users/student/Desktop/BozkurtIlker/Unreal Engine/BozkurtIlkerFv1/Content/Characters/Mannequins/Textures/Manny/T_Manny_01_D.uexp" 182
"C:/Users/student/Desktop/BozkurtIlker/Unreal Engine/BozkurtIlkerFv1/Content/Characters/Mannequins/Textures/Manny/T_Manny_01_Tan.ubulk" 183
"C:/Users/student/Desktop/BozkurtIlker/Unreal Engine/BozkurtIlkerFv1/Content/Characters/Mannequins/Textures/Manny/T_Manny_01_Tan.uasset" 184
"C:/Users/student/Desktop/BozkurtIlker/Unreal Engine/BozkurtIlkerFv1/Content/Characters/Mannequins/Textures/Manny/T_Manny_01_Tan.uexp" 185
"C:/Users/student/Desktop/BozkurtIlker/Unreal Engine/BozkurtIlkerFv1/Content/Characters/Mannequins/Materials/M_Mannequin.uasset" 186
"C:/Users/student/Desktop/BozkurtIlker/Unreal Engine/BozkurtIlkerFv1/Content/Characters/Mannequins/Materials/M_Mannequin.uexp" 187
"C:/Users/student/Desktop/BozkurtIlker/Unreal Engine/BozkurtIlkerFv1/Content/Characters/Mannequins/Textures/Quinn/T_Quinn_01_ASAOMASK_MSK.ubulk" 188
"C:/Users/student/Desktop/BozkurtIlker/Unreal Engine/BozkurtIlkerFv1/Content/Characters/Mannequins/Textures/Quinn/T_Quinn_01_ASAOMASK_MSK.uasset" 189
"C:/Users/student/Desktop/BozkurtIlker/Unreal Engine/BozkurtIlkerFv1/Content/Characters/Mannequins/Textures/Quinn/T_Quinn_01_ASAOMASK_MSK.uexp" 190
"C:/Users/student/Desktop/BozkurtIlker/Unreal Engine/BozkurtIlkerFv1/Content/Characters/Mannequins/Textures/Quinn/T_Quinn_01ID_N.ubulk" 191
"C:/Users/student/Desktop/BozkurtIlker/Unreal Engine/BozkurtIlkerFv1/Content/Characters/Mannequins/Textures/Quinn/T_Quinn_01ID_N.uasset" 192
"C:/Users/student/Desktop/BozkurtIlker/Unreal Engine/BozkurtIlkerFv1/Content/Characters/Mannequins/Textures/Quinn/T_Quinn_01ID_N.uexp" 193
"C:/Users/student/Desktop/BozkurtIlker/Unreal Engine/BozkurtIlkerFv1/Content/Characters/Mannequins/Textures/Quinn/T_Quinn_01ID_BN.ubulk" 194
"C:/Users/student/Desktop/BozkurtIlker/Unreal Engine/BozkurtIlkerFv1/Content/Characters/Mannequins/Textures/Quinn/T_Quinn_01ID_BN.uasset" 195
"C:/Users/student/Desktop/BozkurtIlker/Unreal Engine/BozkurtIlkerFv1/Content/Characters/Mannequins/Textures/Quinn/T_Quinn_01ID_BN.uexp" 196
"C:/Users/student/Desktop/BozkurtIlker/Unreal Engine/BozkurtIlkerFv1/Content/Characters/Mannequins/Textures/Quinn/T_Quinn_01ID_D.ubulk" 197
"C:/Users/student/Desktop/BozkurtIlker/Unreal Engine/BozkurtIlkerFv1/Content/Characters/Mannequins/Textures/Quinn/T_Quinn_01ID_D.uasset" 198
"C:/Users/student/Desktop/BozkurtIlker/Unreal Engine/BozkurtIlkerFv1/Content/Characters/Mannequins/Textures/Quinn/T_Quinn_01ID_D.uexp" 199
"C:/Users/student/Desktop/BozkurtIlker/Unreal Engine/BozkurtIlkerFv1/Content/Characters/Mannequins/Textures/Quinn/T_Quinn_01ID_Tan.ubulk" 200
"C:/Users/student/Desktop/BozkurtIlker/Unreal Engine/BozkurtIlkerFv1/Content/Characters/Mannequins/Textures/Quinn/T_Quinn_01ID_Tan.uasset" 201
"C:/Users/student/Desktop/BozkurtIlker/Unreal Engine/BozkurtIlkerFv1/Content/Characters/Mannequins/Textures/Quinn/T_Quinn_01ID_Tan.uexp" 202
"C:/Users/student/Desktop/BozkurtIlker/Unreal Engine/BozkurtIlkerFv1/Content/Characters/Mannequins/Textures/Quinn/T_Quinn_01_CCRCCPlastic_MSK.ubulk" 203
"C:/Users/student/Desktop/BozkurtIlker/Unreal Engine/BozkurtIlkerFv1/Content/Characters/Mannequins/Textures/Quinn/T_Quinn_01_CCRCCPlastic_MSK.uasset" 204
"C:/Users/student/Desktop/BozkurtIlker/Unreal Engine/BozkurtIlkerFv1/Content/Characters/Mannequins/Textures/Quinn/T_Quinn_01_CCRCCPlastic_MSK.uexp" 205
"C:/Users/student/Desktop/BozkurtIlker/Unreal Engine/BozkurtIlkerFv1/Content/Characters/Mannequins/Materials/Instances/Quinn/MI_Quinn_01.uasset" 206
"C:/Users/student/Desktop/BozkurtIlker/Unreal Engine/BozkurtIlkerFv1/Content/Characters/Mannequins/Materials/Instances/Quinn/MI_Quinn_01.uexp" 207
"C:/Users/student/Desktop/BozkurtIlker/Unreal Engine/BozkurtIlkerFv1/Content/Characters/Mannequins/Textures/Quinn/T_Quinn_02ID_N.ubulk" 208
"C:/Users/student/Desktop/BozkurtIlker/Unreal Engine/BozkurtIlkerFv1/Content/Characters/Mannequins/Textures/Quinn/T_Quinn_02ID_N.uasset" 209
"C:/Users/student/Desktop/BozkurtIlker/Unreal Engine/BozkurtIlkerFv1/Content/Characters/Mannequins/Textures/Quinn/T_Quinn_02ID_N.uexp" 210
"C:/Users/student/Desktop/BozkurtIlker/Unreal Engine/BozkurtIlkerFv1/Content/Characters/Mannequins/Materials/Instances/Quinn/MI_Quinn_02.uasset" 211
"C:/Users/student/Desktop/BozkurtIlker/Unreal Engine/BozkurtIlkerFv1/Content/Characters/Mannequins/Materials/Instances/Quinn/MI_Quinn_02.uexp" 212
"C:/Users/student/Desktop/BozkurtIlker/Unreal Engine/BozkurtIlkerFv1/Content/Characters/Mannequins/Rigs/PA_Mannequin.uasset" 213
"C:/Users/student/Desktop/BozkurtIlker/Unreal Engine/BozkurtIlkerFv1/Content/Characters/Mannequins/Rigs/PA_Mannequin.uexp" 214
"C:/Users/student/Desktop/BozkurtIlker/Unreal Engine/BozkurtIlkerFv1/Content/Characters/Mannequins/Meshes/SKM_Quinn_Simple.uasset" 215
"C:/Users/student/Desktop/BozkurtIlker/Unreal Engine/BozkurtIlkerFv1/Content/Characters/Mannequins/Meshes/SKM_Quinn_Simple.uexp" 216
"C:/Users/student/Desktop/BozkurtIlker/Unreal Engine/BozkurtIlkerFv1/Content/ThirdPerson/Input/Actions/IA_Jump.uasset" 217
"C:/Users/student/Desktop/BozkurtIlker/Unreal Engine/BozkurtIlkerFv1/Content/ThirdPerson/Input/Actions/IA_Jump.uexp" 218
"C:/Users/student/Desktop/BozkurtIlker/Unreal Engine/BozkurtIlkerFv1/Content/ThirdPerson/Input/Actions/IA_Look.uasset" 219
"C:/Users/student/Desktop/BozkurtIlker/Unreal Engine/BozkurtIlkerFv1/Content/ThirdPerson/Input/Actions/IA_Look.uexp" 220
"C:/Users/student/Desktop/BozkurtIlker/Unreal Engine/BozkurtIlkerFv1/Content/ThirdPerson/Input/Actions/IA_Move.uasset" 221
"C:/Users/student/Desktop/BozkurtIlker/Unreal Engine/BozkurtIlkerFv1/Content/ThirdPerson/Input/Actions/IA_Move.uexp" 222
"C:/Users/student/Desktop/BozkurtIlker/Unreal Engine/BozkurtIlkerFv1/Content/ThirdPerson/Input/Actions/IA_Pause.uasset" 223
"C:/Users/student/Desktop/BozkurtIlker/Unreal Engine/BozkurtIlkerFv1/Content/ThirdPerson/Input/Actions/IA_Pause.uexp" 224
"C:/Users/student/Desktop/BozkurtIlker/Unreal Engine/BozkurtIlkerFv1/Content/ThirdPerson/Input/IMC_Default.uasset" 225
"C:/Users/student/Desktop/BozkurtIlker/Unreal Engine/BozkurtIlkerFv1/Content/ThirdPerson/Input/IMC_Default.uexp" 226
"../../../Engine/Content/Animation/DefaultAnimCurveCompressionSettings.uasset" 227
"../../../Engine/Content/Animation/DefaultAnimCurveCompressionSettings.uexp" 228
"../../../Engine/Content/Animation/DefaultAnimBoneCompressionSettings.uasset" 229
"../../../Engine/Content/Animation/DefaultAnimBoneCompressionSettings.uexp" 230
"C:/Users/student/Desktop/BozkurtIlker/Unreal Engine/BozkurtIlkerFv1/Content/Characters/Mannequins/Animations/Quinn/MF_Run_Fwd.uasset" 231
"C:/Users/student/Desktop/BozkurtIlker/Unreal Engine/BozkurtIlkerFv1/Content/Characters/Mannequins/Animations/Quinn/MF_Run_Fwd.uexp" 232
"C:/Users/student/Desktop/BozkurtIlker/Unreal Engine/BozkurtIlkerFv1/Content/Characters/Mannequins/Animations/Quinn/MF_Walk_Fwd.uasset" 233
"C:/Users/student/Desktop/BozkurtIlker/Unreal Engine/BozkurtIlkerFv1/Content/Characters/Mannequins/Animations/Quinn/MF_Walk_Fwd.uexp" 234
"../../../Engine/Content/Animation/DefaultRecorderBoneCompression.uasset" 235
"../../../Engine/Content/Animation/DefaultRecorderBoneCompression.uexp" 236
"C:/Users/student/Desktop/BozkurtIlker/Unreal Engine/BozkurtIlkerFv1/Content/Characters/Mannequins/Animations/Manny/MM_Walk_InPlace.uasset" 237
"C:/Users/student/Desktop/BozkurtIlker/Unreal Engine/BozkurtIlkerFv1/Content/Characters/Mannequins/Animations/Manny/MM_Walk_InPlace.uexp" 238
"C:/Users/student/Desktop/BozkurtIlker/Unreal Engine/BozkurtIlkerFv1/Content/Characters/Mannequins/Animations/Quinn/BS_MF_Unarmed_WalkRun.uasset" 239
"C:/Users/student/Desktop/BozkurtIlker/Unreal Engine/BozkurtIlkerFv1/Content/Characters/Mannequins/Animations/Quinn/BS_MF_Unarmed_WalkRun.uexp" 240
"C:/Users/student/Desktop/BozkurtIlker/Unreal Engine/BozkurtIlkerFv1/Content/Characters/Mannequins/Animations/Quinn/MF_Idle.uasset" 241
"C:/Users/student/Desktop/BozkurtIlker/Unreal Engine/BozkurtIlkerFv1/Content/Characters/Mannequins/Animations/Quinn/MF_Idle.uexp" 242
"../../../Engine/Content/Animation/DefaultVariableFrameStrippingSettings.uasset" 243
"../../../Engine/Content/Animation/DefaultVariableFrameStrippingSettings.uexp" 244
"C:/Users/student/Desktop/BozkurtIlker/Unreal Engine/BozkurtIlkerFv1/Content/Characters/Mannequins/Animations/Manny/MM_Fall_Loop.uasset" 245
"C:/Users/student/Desktop/BozkurtIlker/Unreal Engine/BozkurtIlkerFv1/Content/Characters/Mannequins/Animations/Manny/MM_Fall_Loop.uexp" 246
"C:/Users/student/Desktop/BozkurtIlker/Unreal Engine/BozkurtIlkerFv1/Content/Characters/Mannequins/Animations/Manny/MM_Jump.uasset" 247
"C:/Users/student/Desktop/BozkurtIlker/Unreal Engine/BozkurtIlkerFv1/Content/Characters/Mannequins/Animations/Manny/MM_Jump.uexp" 248
"../../../Engine/Plugins/Animation/ControlRig/Content/Controls/DefaultGizmoLibrary.uasset" 249
"../../../Engine/Plugins/Animation/ControlRig/Content/Controls/DefaultGizmoLibrary.uexp" 250
"C:/Users/student/Desktop/BozkurtIlker/Unreal Engine/BozkurtIlkerFv1/Content/Characters/Mannequins/Rigs/CR_Mannequin_BasicFootIK.uasset" 251
"C:/Users/student/Desktop/BozkurtIlker/Unreal Engine/BozkurtIlkerFv1/Content/Characters/Mannequins/Rigs/CR_Mannequin_BasicFootIK.uexp" 252
"C:/Users/student/Desktop/BozkurtIlker/Unreal Engine/BozkurtIlkerFv1/Content/Characters/Mannequins/Animations/Manny/MM_Run_Fwd.uasset" 253
"C:/Users/student/Desktop/BozkurtIlker/Unreal Engine/BozkurtIlkerFv1/Content/Characters/Mannequins/Animations/Manny/MM_Run_Fwd.uexp" 254
"C:/Users/student/Desktop/BozkurtIlker/Unreal Engine/BozkurtIlkerFv1/Content/Characters/Mannequins/Animations/Manny/MM_Walk_Fwd.uasset" 255
"C:/Users/student/Desktop/BozkurtIlker/Unreal Engine/BozkurtIlkerFv1/Content/Characters/Mannequins/Animations/Manny/MM_Walk_Fwd.uexp" 256
"C:/Users/student/Desktop/BozkurtIlker/Unreal Engine/BozkurtIlkerFv1/Content/Characters/Mannequins/Animations/Manny/BS_MM_WalkRun.uasset" 257
"C:/Users/student/Desktop/BozkurtIlker/Unreal Engine/BozkurtIlkerFv1/Content/Characters/Mannequins/Animations/Manny/BS_MM_WalkRun.uexp" 258
"C:/Users/student/Desktop/BozkurtIlker/Unreal Engine/BozkurtIlkerFv1/Content/Characters/Mannequins/Animations/Manny/MM_Land.uasset" 259
"C:/Users/student/Desktop/BozkurtIlker/Unreal Engine/BozkurtIlkerFv1/Content/Characters/Mannequins/Animations/Manny/MM_Land.uexp" 260
"C:/Users/student/Desktop/BozkurtIlker/Unreal Engine/BozkurtIlkerFv1/Content/Characters/Mannequins/Animations/Manny/MM_Idle.uasset" 261
"C:/Users/student/Desktop/BozkurtIlker/Unreal Engine/BozkurtIlkerFv1/Content/Characters/Mannequins/Animations/Manny/MM_Idle.uexp" 262
"C:/Users/student/Desktop/BozkurtIlker/Unreal Engine/BozkurtIlkerFv1/Content/Characters/Mannequins/Animations/ABP_Manny.uasset" 263
"C:/Users/student/Desktop/BozkurtIlker/Unreal Engine/BozkurtIlkerFv1/Content/Characters/Mannequins/Animations/ABP_Manny.uexp" 264
"C:/Users/student/Desktop/BozkurtIlker/Unreal Engine/BozkurtIlkerFv1/Content/Characters/Mannequins/Animations/ABP_Quinn.uasset" 265
"C:/Users/student/Desktop/BozkurtIlker/Unreal Engine/BozkurtIlkerFv1/Content/Characters/Mannequins/Animations/ABP_Quinn.uexp" 266
"../../../Engine/Content/EngineFonts/RobotoDistanceField.uasset" 267
"../../../Engine/Content/EngineFonts/RobotoDistanceField.uexp" 268
"../../../Engine/Content/EditorResources/FieldNodes/_Resources/DefaultTextMaterialOpaque.uasset" 269
"../../../Engine/Content/EditorResources/FieldNodes/_Resources/DefaultTextMaterialOpaque.uexp" 270
"C:/Users/student/Desktop/BozkurtIlker/Unreal Engine/BozkurtIlkerFv1/Content/StarterContent/Textures/T_TableRound_N.ubulk" 271
"C:/Users/student/Desktop/BozkurtIlker/Unreal Engine/BozkurtIlkerFv1/Content/StarterContent/Textures/T_TableRound_N.uasset" 272
"C:/Users/student/Desktop/BozkurtIlker/Unreal Engine/BozkurtIlkerFv1/Content/StarterContent/Textures/T_TableRound_N.uexp" 273
"C:/Users/student/Desktop/BozkurtIlker/Unreal Engine/BozkurtIlkerFv1/Content/StarterContent/Textures/T_TableRound_M.ubulk" 274
"C:/Users/student/Desktop/BozkurtIlker/Unreal Engine/BozkurtIlkerFv1/Content/StarterContent/Textures/T_TableRound_M.uasset" 275
"C:/Users/student/Desktop/BozkurtIlker/Unreal Engine/BozkurtIlkerFv1/Content/StarterContent/Textures/T_TableRound_M.uexp" 276
"C:/Users/student/Desktop/BozkurtIlker/Unreal Engine/BozkurtIlkerFv1/Content/StarterContent/Props/Materials/M_TableRound.uasset" 277
"C:/Users/student/Desktop/BozkurtIlker/Unreal Engine/BozkurtIlkerFv1/Content/StarterContent/Props/Materials/M_TableRound.uexp" 278
"C:/Users/student/Desktop/BozkurtIlker/Unreal Engine/BozkurtIlkerFv1/Content/StarterContent/Props/SM_TableRound.ubulk" 279
"C:/Users/student/Desktop/BozkurtIlker/Unreal Engine/BozkurtIlkerFv1/Content/StarterContent/Props/SM_TableRound.uasset" 280
"C:/Users/student/Desktop/BozkurtIlker/Unreal Engine/BozkurtIlkerFv1/Content/StarterContent/Props/SM_TableRound.uexp" 281
"C:/Users/student/Desktop/BozkurtIlker/Unreal Engine/BozkurtIlkerFv1/Content/Blureprint/BP_RespawnButton.uasset" 282
"C:/Users/student/Desktop/BozkurtIlker/Unreal Engine/BozkurtIlkerFv1/Content/Blureprint/BP_RespawnButton.uexp" 283
"C:/Users/student/Desktop/BozkurtIlker/Unreal Engine/BozkurtIlkerFv1/Content/UI/WBP_score.uasset" 284
"C:/Users/student/Desktop/BozkurtIlker/Unreal Engine/BozkurtIlkerFv1/Content/UI/WBP_score.uexp" 285
"C:/Users/student/Desktop/BozkurtIlker/Unreal Engine/BozkurtIlkerFv1/Content/UI/Pausemenu_WB.uasset" 286
"C:/Users/student/Desktop/BozkurtIlker/Unreal Engine/BozkurtIlkerFv1/Content/UI/Pausemenu_WB.uexp" 287
"C:/Users/student/Desktop/BozkurtIlker/Unreal Engine/BozkurtIlkerFv1/Content/ThirdPerson/Blueprints/BP_ThirdPersonCharacter.uasset" 288
"C:/Users/student/Desktop/BozkurtIlker/Unreal Engine/BozkurtIlkerFv1/Content/ThirdPerson/Blueprints/BP_ThirdPersonCharacter.uexp" 289
"C:/Users/student/Desktop/BozkurtIlker/Unreal Engine/BozkurtIlkerFv1/Content/ThirdPerson/Blueprints/BP_ThirdPersonGameMode.uasset" 290
"C:/Users/student/Desktop/BozkurtIlker/Unreal Engine/BozkurtIlkerFv1/Content/ThirdPerson/Blueprints/BP_ThirdPersonGameMode.uexp" 291
"../../../Engine/Content/EngineResources/FilmGrains/Marcie_Grain_v3_128_M2_000.uasset" 292
"../../../Engine/Content/EngineResources/FilmGrains/Marcie_Grain_v3_128_M2_000.uexp" 293
"../../../Engine/Content/EngineMaterials/LTC/Sheen_LTC.uasset" 294
"../../../Engine/Content/EngineMaterials/LTC/Sheen_LTC.uexp" 295
"../../../Engine/Content/EngineMaterials/LTC/GGX_LTCMat.uasset" 296
"../../../Engine/Content/EngineMaterials/LTC/GGX_LTCMat.uexp" 297
"../../../Engine/Content/EngineMaterials/LTC/GGX_LTCAmp.uasset" 298
"../../../Engine/Content/EngineMaterials/LTC/GGX_LTCAmp.uexp" 299
"../../../Engine/Content/EngineMaterials/EnergyConservation/Sheen_Energy.uasset" 300
"../../../Engine/Content/EngineMaterials/EnergyConservation/Sheen_Energy.uexp" 301
"../../../Engine/Content/EngineMaterials/EnergyConservation/SheenLegacy_Energy.uasset" 302
"../../../Engine/Content/EngineMaterials/EnergyConservation/SheenLegacy_Energy.uexp" 303
"../../../Engine/Content/EngineMaterials/EnergyConservation/GGX_TransmissionEnergyArray.uasset" 304
"../../../Engine/Content/EngineMaterials/EnergyConservation/GGX_TransmissionEnergyArray.uexp" 305
"../../../Engine/Content/EngineMaterials/EnergyConservation/GGX_ReflectionEnergy.uasset" 306
"../../../Engine/Content/EngineMaterials/EnergyConservation/GGX_ReflectionEnergy.uexp" 307
"../../../Engine/Content/EngineMaterials/EnergyConservation/Diffuse_Energy.uasset" 308
"../../../Engine/Content/EngineMaterials/EnergyConservation/Diffuse_Energy.uexp" 309
"../../../Engine/Content/EditorResources/SequenceRecorder/RecordingIndicator.uasset" 310
"../../../Engine/Content/EditorResources/SequenceRecorder/RecordingIndicator.uexp" 311
"../../../Engine/Content/EditorResources/SequenceRecorder/Countdown.uasset" 312
"../../../Engine/Content/EditorResources/SequenceRecorder/Countdown.uexp" 313
"../../../Engine/Content/EditorMaterials/ParticleSystems/PSysThumbnail_OOD.ubulk" 314
"../../../Engine/Content/EditorMaterials/ParticleSystems/PSysThumbnail_OOD.uasset" 315
"../../../Engine/Content/EditorMaterials/ParticleSystems/PSysThumbnail_OOD.uexp" 316
"../../../Engine/Content/EditorMaterials/ParticleSystems/PSysThumbnail_NoImage.ubulk" 317
"../../../Engine/Content/EditorMaterials/ParticleSystems/PSysThumbnail_NoImage.uasset" 318
"../../../Engine/Content/EditorMaterials/ParticleSystems/PSysThumbnail_NoImage.uexp" 319
"../../../Engine/Content/EngineResources/DefaultTextureCube.uasset" 320
"../../../Engine/Content/EngineResources/DefaultTextureCube.uexp" 321
"../../../Engine/Content/EngineResources/DefaultVolumeTexture2D.uasset" 322
"../../../Engine/Content/EngineResources/DefaultVolumeTexture2D.uexp" 323
"../../../Engine/Content/EngineResources/DefaultVolumeTexture.uasset" 324
"../../../Engine/Content/EngineResources/DefaultVolumeTexture.uexp" 325
"../../../Engine/Content/EngineMeshes/Sphere.ubulk" 326
"../../../Engine/Content/EngineMeshes/Sphere.uasset" 327
"../../../Engine/Content/EngineMeshes/Sphere.uexp" 328
"../../../Engine/Plugins/NNE/NNEDenoiser/Content/NNEDTOM_Output_Default.uasset" 329
"../../../Engine/Plugins/NNE/NNEDenoiser/Content/NNEDTOM_Output_Default.uexp" 330
"../../../Engine/Plugins/NNE/NNEDenoiser/Content/NNEDTOM_Output_Alpha.uasset" 331
"../../../Engine/Plugins/NNE/NNEDenoiser/Content/NNEDTOM_Output_Alpha.uexp" 332
"../../../Engine/Plugins/NNE/NNEDenoiser/Content/NNEDTIM_ColorAlbedoNormal_Default.uasset" 333
"../../../Engine/Plugins/NNE/NNEDenoiser/Content/NNEDTIM_ColorAlbedoNormal_Default.uexp" 334
"../../../Engine/Plugins/NNE/NNEDenoiser/Content/NNEDTIM_ColorAlbedoNormal_Alpha.uasset" 335
"../../../Engine/Plugins/NNE/NNEDenoiser/Content/NNEDTIM_ColorAlbedoNormal_Alpha.uexp" 336
"../../../Engine/Plugins/NNE/NNEDenoiser/Content/NNEDOM_Output_Default.uasset" 337
"../../../Engine/Plugins/NNE/NNEDenoiser/Content/NNEDOM_Output_Default.uexp" 338
"../../../Engine/Plugins/NNE/NNEDenoiser/Content/NNEDOM_Output_Alpha.uasset" 339
"../../../Engine/Plugins/NNE/NNEDenoiser/Content/NNEDOM_Output_Alpha.uexp" 340
"../../../Engine/Plugins/NNE/NNEDenoiser/Content/NNEDIM_HighQuality_Default.uasset" 341
"../../../Engine/Plugins/NNE/NNEDenoiser/Content/NNEDIM_HighQuality_Default.uexp" 342
"../../../Engine/Plugins/NNE/NNEDenoiser/Content/NNEDIM_HighQuality_Alpha.uasset" 343
"../../../Engine/Plugins/NNE/NNEDenoiser/Content/NNEDIM_HighQuality_Alpha.uexp" 344
"../../../Engine/Plugins/NNE/NNEDenoiser/Content/NNEDIM_ColorAlbedoNormal_Default.uasset" 345
"../../../Engine/Plugins/NNE/NNEDenoiser/Content/NNEDIM_ColorAlbedoNormal_Default.uexp" 346
"../../../Engine/Plugins/NNE/NNEDenoiser/Content/NNEDIM_ColorAlbedoNormal_Alpha.uasset" 347
"../../../Engine/Plugins/NNE/NNEDenoiser/Content/NNEDIM_ColorAlbedoNormal_Alpha.uexp" 348
"../../../Engine/Content/EngineMaterials/T_Default_Material_Grid_M.ubulk" 349
"../../../Engine/Content/EngineMaterials/T_Default_Material_Grid_M.uasset" 350
"../../../Engine/Content/EngineMaterials/T_Default_Material_Grid_M.uexp" 351
"../../../Engine/Content/EngineMaterials/T_Default_Material_Grid_N.ubulk" 352
"../../../Engine/Content/EngineMaterials/T_Default_Material_Grid_N.uasset" 353
"../../../Engine/Content/EngineMaterials/T_Default_Material_Grid_N.uexp" 354
"../../../Engine/Content/Functions/Engine_MaterialFunctions01/Opacity/CameraDepthFade.uasset" 355
"../../../Engine/Content/Functions/Engine_MaterialFunctions01/Opacity/CameraDepthFade.uexp" 356
"../../../Engine/Content/EngineMaterials/WorldGridMaterial.uasset" 357
"../../../Engine/Content/EngineMaterials/WorldGridMaterial.uexp" 358
"../../../Engine/Plugins/Media/MediaPlate/Content/SM_MediaPlateScreen.ubulk" 359
"../../../Engine/Plugins/Media/MediaPlate/Content/SM_MediaPlateScreen.uasset" 360
"../../../Engine/Plugins/Media/MediaPlate/Content/SM_MediaPlateScreen.uexp" 361
"../../../Engine/Content/Functions/Engine_MaterialFunctions02/WorldPositionOffset/CameraOffset.uasset" 362
"../../../Engine/Content/Functions/Engine_MaterialFunctions02/WorldPositionOffset/CameraOffset.uexp" 363
"../../../Engine/Plugins/Animation/ControlRig/Content/M_Manip.uasset" 364
"../../../Engine/Plugins/Animation/ControlRig/Content/M_Manip.uexp" 365
"../../../Engine/Plugins/Animation/ControlRig/Content/Controls/ControlRig_Wedge_solid.ubulk" 366
"../../../Engine/Plugins/Animation/ControlRig/Content/Controls/ControlRig_Wedge_solid.uasset" 367
"../../../Engine/Plugins/Animation/ControlRig/Content/Controls/ControlRig_Wedge_solid.uexp" 368
"../../../Engine/Plugins/Animation/ControlRig/Content/Controls/ControlRig_Wedge_3mm.ubulk" 369
"../../../Engine/Plugins/Animation/ControlRig/Content/Controls/ControlRig_Wedge_3mm.uasset" 370
"../../../Engine/Plugins/Animation/ControlRig/Content/Controls/ControlRig_Wedge_3mm.uexp" 371
"../../../Engine/Plugins/Animation/ControlRig/Content/Controls/ControlRig_Wedge_1mm.ubulk" 372
"../../../Engine/Plugins/Animation/ControlRig/Content/Controls/ControlRig_Wedge_1mm.uasset" 373
"../../../Engine/Plugins/Animation/ControlRig/Content/Controls/ControlRig_Wedge_1mm.uexp" 374
"../../../Engine/Plugins/Animation/ControlRig/Content/Controls/ControlRig_Triangle_solid.ubulk" 375
"../../../Engine/Plugins/Animation/ControlRig/Content/Controls/ControlRig_Triangle_solid.uasset" 376
"../../../Engine/Plugins/Animation/ControlRig/Content/Controls/ControlRig_Triangle_solid.uexp" 377
"../../../Engine/Plugins/Animation/ControlRig/Content/Controls/ControlRig_Triangle_3mm.ubulk" 378
"../../../Engine/Plugins/Animation/ControlRig/Content/Controls/ControlRig_Triangle_3mm.uasset" 379
"../../../Engine/Plugins/Animation/ControlRig/Content/Controls/ControlRig_Triangle_3mm.uexp" 380
"../../../Engine/Plugins/Animation/ControlRig/Content/Controls/ControlRig_Triangle_1mm.ubulk" 381
"../../../Engine/Plugins/Animation/ControlRig/Content/Controls/ControlRig_Triangle_1mm.uasset" 382
"../../../Engine/Plugins/Animation/ControlRig/Content/Controls/ControlRig_Triangle_1mm.uexp" 383
"../../../Engine/Plugins/Animation/ControlRig/Content/Controls/ControlRig_Star4_solid.ubulk" 384
"../../../Engine/Plugins/Animation/ControlRig/Content/Controls/ControlRig_Star4_solid.uasset" 385
"../../../Engine/Plugins/Animation/ControlRig/Content/Controls/ControlRig_Star4_solid.uexp" 386
"../../../Engine/Plugins/Animation/ControlRig/Content/Controls/ControlRig_Star4_3mm.ubulk" 387
"../../../Engine/Plugins/Animation/ControlRig/Content/Controls/ControlRig_Star4_3mm.uasset" 388
"../../../Engine/Plugins/Animation/ControlRig/Content/Controls/ControlRig_Star4_3mm.uexp" 389
"../../../Engine/Plugins/Animation/ControlRig/Content/Controls/ControlRig_Star4_1mm.ubulk" 390
"../../../Engine/Plugins/Animation/ControlRig/Content/Controls/ControlRig_Star4_1mm.uasset" 391
"../../../Engine/Plugins/Animation/ControlRig/Content/Controls/ControlRig_Star4_1mm.uexp" 392
"../../../Engine/Plugins/Animation/ControlRig/Content/Controls/ControlRig_Square_solid.ubulk" 393
"../../../Engine/Plugins/Animation/ControlRig/Content/Controls/ControlRig_Square_solid.uasset" 394
"../../../Engine/Plugins/Animation/ControlRig/Content/Controls/ControlRig_Square_solid.uexp" 395
"../../../Engine/Plugins/Animation/ControlRig/Content/Controls/ControlRig_Square_3mm.ubulk" 396
"../../../Engine/Plugins/Animation/ControlRig/Content/Controls/ControlRig_Square_3mm.uasset" 397
"../../../Engine/Plugins/Animation/ControlRig/Content/Controls/ControlRig_Square_3mm.uexp" 398
"../../../Engine/Plugins/Animation/ControlRig/Content/Controls/ControlRig_Square_1mm.ubulk" 399
"../../../Engine/Plugins/Animation/ControlRig/Content/Controls/ControlRig_Square_1mm.uasset" 400
"../../../Engine/Plugins/Animation/ControlRig/Content/Controls/ControlRig_Square_1mm.uexp" 401
"../../../Engine/Plugins/Animation/ControlRig/Content/Controls/ControlRig_Sphere_solid.ubulk" 402
"../../../Engine/Plugins/Animation/ControlRig/Content/Controls/ControlRig_Sphere_solid.uasset" 403
"../../../Engine/Plugins/Animation/ControlRig/Content/Controls/ControlRig_Sphere_solid.uexp" 404
"../../../Engine/Plugins/Animation/ControlRig/Content/Controls/ControlRig_Sphere_3mm.ubulk" 405
"../../../Engine/Plugins/Animation/ControlRig/Content/Controls/ControlRig_Sphere_3mm.uasset" 406
"../../../Engine/Plugins/Animation/ControlRig/Content/Controls/ControlRig_Sphere_3mm.uexp" 407
"../../../Engine/Plugins/Animation/ControlRig/Content/Controls/ControlRig_Sphere_1mm.ubulk" 408
"../../../Engine/Plugins/Animation/ControlRig/Content/Controls/ControlRig_Sphere_1mm.uasset" 409
"../../../Engine/Plugins/Animation/ControlRig/Content/Controls/ControlRig_Sphere_1mm.uexp" 410
"../../../Engine/Plugins/Animation/ControlRig/Content/Controls/ControlRig_RoundedTriangle_solid.ubulk" 411
"../../../Engine/Plugins/Animation/ControlRig/Content/Controls/ControlRig_RoundedTriangle_solid.uasset" 412
"../../../Engine/Plugins/Animation/ControlRig/Content/Controls/ControlRig_RoundedTriangle_solid.uexp" 413
"../../../Engine/Plugins/Animation/ControlRig/Content/Controls/ControlRig_RoundedTriangle_3mm.ubulk" 414
"../../../Engine/Plugins/Animation/ControlRig/Content/Controls/ControlRig_RoundedTriangle_3mm.uasset" 415
"../../../Engine/Plugins/Animation/ControlRig/Content/Controls/ControlRig_RoundedTriangle_3mm.uexp" 416
"../../../Engine/Plugins/Animation/ControlRig/Content/Controls/ControlRig_RoundedTriangle_1mm.ubulk" 417
"../../../Engine/Plugins/Animation/ControlRig/Content/Controls/ControlRig_RoundedTriangle_1mm.uasset" 418
"../../../Engine/Plugins/Animation/ControlRig/Content/Controls/ControlRig_RoundedTriangle_1mm.uexp" 419
"../../../Engine/Plugins/Animation/ControlRig/Content/Controls/ControlRig_RoundedSquare_solid.ubulk" 420
"../../../Engine/Plugins/Animation/ControlRig/Content/Controls/ControlRig_RoundedSquare_solid.uasset" 421
"../../../Engine/Plugins/Animation/ControlRig/Content/Controls/ControlRig_RoundedSquare_solid.uexp" 422
"../../../Engine/Plugins/Animation/ControlRig/Content/Controls/ControlRig_RoundedSquare_3mm.ubulk" 423
"../../../Engine/Plugins/Animation/ControlRig/Content/Controls/ControlRig_RoundedSquare_3mm.uasset" 424
"../../../Engine/Plugins/Animation/ControlRig/Content/Controls/ControlRig_RoundedSquare_3mm.uexp" 425
"../../../Engine/Plugins/Animation/ControlRig/Content/Controls/ControlRig_RoundedSquare_1mm.ubulk" 426
"../../../Engine/Plugins/Animation/ControlRig/Content/Controls/ControlRig_RoundedSquare_1mm.uasset" 427
"../../../Engine/Plugins/Animation/ControlRig/Content/Controls/ControlRig_RoundedSquare_1mm.uexp" 428
"../../../Engine/Plugins/Animation/ControlRig/Content/Controls/ControlRig_QuarterCircle_solid.ubulk" 429
"../../../Engine/Plugins/Animation/ControlRig/Content/Controls/ControlRig_QuarterCircle_solid.uasset" 430
"../../../Engine/Plugins/Animation/ControlRig/Content/Controls/ControlRig_QuarterCircle_solid.uexp" 431
"../../../Engine/Plugins/Animation/ControlRig/Content/Controls/ControlRig_QuarterCircle_3mm.ubulk" 432
"../../../Engine/Plugins/Animation/ControlRig/Content/Controls/ControlRig_QuarterCircle_3mm.uasset" 433
"../../../Engine/Plugins/Animation/ControlRig/Content/Controls/ControlRig_QuarterCircle_3mm.uexp" 434
"../../../Engine/Plugins/Animation/ControlRig/Content/Controls/ControlRig_QuarterCircle_1mm.ubulk" 435
"../../../Engine/Plugins/Animation/ControlRig/Content/Controls/ControlRig_QuarterCircle_1mm.uasset" 436
"../../../Engine/Plugins/Animation/ControlRig/Content/Controls/ControlRig_QuarterCircle_1mm.uexp" 437
"../../../Engine/Plugins/Animation/ControlRig/Content/Controls/ControlRig_Pyramid_solid.ubulk" 438
"../../../Engine/Plugins/Animation/ControlRig/Content/Controls/ControlRig_Pyramid_solid.uasset" 439
"../../../Engine/Plugins/Animation/ControlRig/Content/Controls/ControlRig_Pyramid_solid.uexp" 440
"../../../Engine/Plugins/Animation/ControlRig/Content/Controls/ControlRig_Pyramid_3mm.ubulk" 441
"../../../Engine/Plugins/Animation/ControlRig/Content/Controls/ControlRig_Pyramid_3mm.uasset" 442
"../../../Engine/Plugins/Animation/ControlRig/Content/Controls/ControlRig_Pyramid_3mm.uexp" 443
"../../../Engine/Plugins/Animation/ControlRig/Content/Controls/ControlRig_Pyramid_1mm.ubulk" 444
"../../../Engine/Plugins/Animation/ControlRig/Content/Controls/ControlRig_Pyramid_1mm.uasset" 445
"../../../Engine/Plugins/Animation/ControlRig/Content/Controls/ControlRig_Pyramid_1mm.uexp" 446
"../../../Engine/Plugins/Animation/ControlRig/Content/Controls/ControlRig_Octagon_solid.ubulk" 447
"../../../Engine/Plugins/Animation/ControlRig/Content/Controls/ControlRig_Octagon_solid.uasset" 448
"../../../Engine/Plugins/Animation/ControlRig/Content/Controls/ControlRig_Octagon_solid.uexp" 449
"../../../Engine/Plugins/Animation/ControlRig/Content/Controls/ControlRig_Octagon_3mm.ubulk" 450
"../../../Engine/Plugins/Animation/ControlRig/Content/Controls/ControlRig_Octagon_3mm.uasset" 451
"../../../Engine/Plugins/Animation/ControlRig/Content/Controls/ControlRig_Octagon_3mm.uexp" 452
"../../../Engine/Plugins/Animation/ControlRig/Content/Controls/ControlRig_Octagon_1mm.ubulk" 453
"../../../Engine/Plugins/Animation/ControlRig/Content/Controls/ControlRig_Octagon_1mm.uasset" 454
"../../../Engine/Plugins/Animation/ControlRig/Content/Controls/ControlRig_Octagon_1mm.uexp" 455
"../../../Engine/Plugins/Animation/ControlRig/Content/Controls/ControlRig_Hexagon_solid.ubulk" 456
"../../../Engine/Plugins/Animation/ControlRig/Content/Controls/ControlRig_Hexagon_solid.uasset" 457
"../../../Engine/Plugins/Animation/ControlRig/Content/Controls/ControlRig_Hexagon_solid.uexp" 458
"../../../Engine/Plugins/Animation/ControlRig/Content/Controls/ControlRig_Hexagon_3mm.ubulk" 459
"../../../Engine/Plugins/Animation/ControlRig/Content/Controls/ControlRig_Hexagon_3mm.uasset" 460
"../../../Engine/Plugins/Animation/ControlRig/Content/Controls/ControlRig_Hexagon_3mm.uexp" 461
"../../../Engine/Plugins/Animation/ControlRig/Content/Controls/ControlRig_Hexagon_1mm.ubulk" 462
"../../../Engine/Plugins/Animation/ControlRig/Content/Controls/ControlRig_Hexagon_1mm.uasset" 463
"../../../Engine/Plugins/Animation/ControlRig/Content/Controls/ControlRig_Hexagon_1mm.uexp" 464
"../../../Engine/Plugins/Animation/ControlRig/Content/Controls/ControlRig_HalfCircle_solid.ubulk" 465
"../../../Engine/Plugins/Animation/ControlRig/Content/Controls/ControlRig_HalfCircle_solid.uasset" 466
"../../../Engine/Plugins/Animation/ControlRig/Content/Controls/ControlRig_HalfCircle_solid.uexp" 467
"../../../Engine/Plugins/Animation/ControlRig/Content/Controls/ControlRig_HalfCircle_3mm.ubulk" 468
"../../../Engine/Plugins/Animation/ControlRig/Content/Controls/ControlRig_HalfCircle_3mm.uasset" 469
"../../../Engine/Plugins/Animation/ControlRig/Content/Controls/ControlRig_HalfCircle_3mm.uexp" 470
"../../../Engine/Plugins/Animation/ControlRig/Content/Controls/ControlRig_HalfCircle_1mm.ubulk" 471
"../../../Engine/Plugins/Animation/ControlRig/Content/Controls/ControlRig_HalfCircle_1mm.uasset" 472
"../../../Engine/Plugins/Animation/ControlRig/Content/Controls/ControlRig_HalfCircle_1mm.uexp" 473
"../../../Engine/Plugins/Animation/ControlRig/Content/Controls/ControlRig_Diamond_solid.ubulk" 474
"../../../Engine/Plugins/Animation/ControlRig/Content/Controls/ControlRig_Diamond_solid.uasset" 475
"../../../Engine/Plugins/Animation/ControlRig/Content/Controls/ControlRig_Diamond_solid.uexp" 476
"../../../Engine/Plugins/Animation/ControlRig/Content/Controls/ControlRig_Diamond_3mm.ubulk" 477
"../../../Engine/Plugins/Animation/ControlRig/Content/Controls/ControlRig_Diamond_3mm.uasset" 478
"../../../Engine/Plugins/Animation/ControlRig/Content/Controls/ControlRig_Diamond_3mm.uexp" 479
"../../../Engine/Plugins/Animation/ControlRig/Content/Controls/ControlRig_Diamond_1mm.ubulk" 480
"../../../Engine/Plugins/Animation/ControlRig/Content/Controls/ControlRig_Diamond_1mm.uasset" 481
"../../../Engine/Plugins/Animation/ControlRig/Content/Controls/ControlRig_Diamond_1mm.uexp" 482
"../../../Engine/Plugins/Animation/ControlRig/Content/Controls/ControlRig_Circle_solid.ubulk" 483
"../../../Engine/Plugins/Animation/ControlRig/Content/Controls/ControlRig_Circle_solid.uasset" 484
"../../../Engine/Plugins/Animation/ControlRig/Content/Controls/ControlRig_Circle_solid.uexp" 485
"../../../Engine/Plugins/Animation/ControlRig/Content/Controls/ControlRig_Circle_3mm.ubulk" 486
"../../../Engine/Plugins/Animation/ControlRig/Content/Controls/ControlRig_Circle_3mm.uasset" 487
"../../../Engine/Plugins/Animation/ControlRig/Content/Controls/ControlRig_Circle_3mm.uexp" 488
"../../../Engine/Plugins/Animation/ControlRig/Content/Controls/ControlRig_Circle_1mm.ubulk" 489
"../../../Engine/Plugins/Animation/ControlRig/Content/Controls/ControlRig_Circle_1mm.uasset" 490
"../../../Engine/Plugins/Animation/ControlRig/Content/Controls/ControlRig_Circle_1mm.uexp" 491
"../../../Engine/Plugins/Animation/ControlRig/Content/Controls/ControlRig_Box_solid.ubulk" 492
"../../../Engine/Plugins/Animation/ControlRig/Content/Controls/ControlRig_Box_solid.uasset" 493
"../../../Engine/Plugins/Animation/ControlRig/Content/Controls/ControlRig_Box_solid.uexp" 494
"../../../Engine/Plugins/Animation/ControlRig/Content/Controls/ControlRig_Box_3mm.ubulk" 495
"../../../Engine/Plugins/Animation/ControlRig/Content/Controls/ControlRig_Box_3mm.uasset" 496
"../../../Engine/Plugins/Animation/ControlRig/Content/Controls/ControlRig_Box_3mm.uexp" 497
"../../../Engine/Plugins/Animation/ControlRig/Content/Controls/ControlRig_Box_1mm.ubulk" 498
"../../../Engine/Plugins/Animation/ControlRig/Content/Controls/ControlRig_Box_1mm.uasset" 499
"../../../Engine/Plugins/Animation/ControlRig/Content/Controls/ControlRig_Box_1mm.uexp" 500
"../../../Engine/Plugins/Animation/ControlRig/Content/Controls/ControlRig_Arrow_solid.ubulk" 501
"../../../Engine/Plugins/Animation/ControlRig/Content/Controls/ControlRig_Arrow_solid.uasset" 502
"../../../Engine/Plugins/Animation/ControlRig/Content/Controls/ControlRig_Arrow_solid.uexp" 503
"../../../Engine/Plugins/Animation/ControlRig/Content/Controls/ControlRig_Arrow_3mm.ubulk" 504
"../../../Engine/Plugins/Animation/ControlRig/Content/Controls/ControlRig_Arrow_3mm.uasset" 505
"../../../Engine/Plugins/Animation/ControlRig/Content/Controls/ControlRig_Arrow_3mm.uexp" 506
"../../../Engine/Plugins/Animation/ControlRig/Content/Controls/ControlRig_Arrow_1mm.ubulk" 507
"../../../Engine/Plugins/Animation/ControlRig/Content/Controls/ControlRig_Arrow_1mm.uasset" 508
"../../../Engine/Plugins/Animation/ControlRig/Content/Controls/ControlRig_Arrow_1mm.uexp" 509
"../../../Engine/Plugins/Animation/ControlRig/Content/Controls/ControlRig_Arrow4_solid.ubulk" 510
"../../../Engine/Plugins/Animation/ControlRig/Content/Controls/ControlRig_Arrow4_solid.uasset" 511
"../../../Engine/Plugins/Animation/ControlRig/Content/Controls/ControlRig_Arrow4_solid.uexp" 512
"../../../Engine/Plugins/Animation/ControlRig/Content/Controls/ControlRig_Arrow4_3mm.ubulk" 513
"../../../Engine/Plugins/Animation/ControlRig/Content/Controls/ControlRig_Arrow4_3mm.uasset" 514
"../../../Engine/Plugins/Animation/ControlRig/Content/Controls/ControlRig_Arrow4_3mm.uexp" 515
"../../../Engine/Plugins/Animation/ControlRig/Content/Controls/ControlRig_Arrow4_1mm.ubulk" 516
"../../../Engine/Plugins/Animation/ControlRig/Content/Controls/ControlRig_Arrow4_1mm.uasset" 517
"../../../Engine/Plugins/Animation/ControlRig/Content/Controls/ControlRig_Arrow4_1mm.uexp" 518
"../../../Engine/Plugins/Animation/ControlRig/Content/Controls/ControlRig_Arrow2_solid.ubulk" 519
"../../../Engine/Plugins/Animation/ControlRig/Content/Controls/ControlRig_Arrow2_solid.uasset" 520
"../../../Engine/Plugins/Animation/ControlRig/Content/Controls/ControlRig_Arrow2_solid.uexp" 521
"../../../Engine/Plugins/Animation/ControlRig/Content/Controls/ControlRig_Arrow2_3mm.ubulk" 522
"../../../Engine/Plugins/Animation/ControlRig/Content/Controls/ControlRig_Arrow2_3mm.uasset" 523
"../../../Engine/Plugins/Animation/ControlRig/Content/Controls/ControlRig_Arrow2_3mm.uexp" 524
"../../../Engine/Plugins/Animation/ControlRig/Content/Controls/ControlRig_Arrow2_1mm.ubulk" 525
"../../../Engine/Plugins/Animation/ControlRig/Content/Controls/ControlRig_Arrow2_1mm.uasset" 526
"../../../Engine/Plugins/Animation/ControlRig/Content/Controls/ControlRig_Arrow2_1mm.uexp" 527
"../../../Engine/Plugins/Animation/ControlRig/Content/Controls/ControlRigXRayMaterial.uasset" 528
"../../../Engine/Plugins/Animation/ControlRig/Content/Controls/ControlRigXRayMaterial.uexp" 529
"../../../Engine/Plugins/Animation/ControlRig/Content/Controls/ControlRigGizmoMaterial.uasset" 530
"../../../Engine/Plugins/Animation/ControlRig/Content/Controls/ControlRigGizmoMaterial.uexp" 531
"../../../Engine/Plugins/2D/Paper2D/Content/DefaultSpriteMaterial.uasset" 532
"../../../Engine/Plugins/2D/Paper2D/Content/DefaultSpriteMaterial.uexp" 533
"../../../Engine/Plugins/2D/Paper2D/Content/OpaqueUnlitSpriteMaterial.uasset" 534
"../../../Engine/Plugins/2D/Paper2D/Content/OpaqueUnlitSpriteMaterial.uexp" 535
"../../../Engine/Plugins/2D/Paper2D/Content/MaskedUnlitSpriteMaterial.uasset" 536
"../../../Engine/Plugins/2D/Paper2D/Content/MaskedUnlitSpriteMaterial.uexp" 537
"../../../Engine/Content/EngineResources/WhiteSquareTexture.uasset" 538
"../../../Engine/Content/EngineResources/WhiteSquareTexture.uexp" 539
"../../../Engine/Content/EngineMaterials/Widget3DPassThrough.uasset" 540
"../../../Engine/Content/EngineMaterials/Widget3DPassThrough.uexp" 541
"../../../Engine/Content/EngineMaterials/Widget3DPassThrough_Translucent.uasset" 542
"../../../Engine/Content/EngineMaterials/Widget3DPassThrough_Translucent.uexp" 543
"../../../Engine/Content/EngineMaterials/Widget3DPassThrough_Translucent_OneSided.uasset" 544
"../../../Engine/Content/EngineMaterials/Widget3DPassThrough_Translucent_OneSided.uexp" 545
"../../../Engine/Content/EngineMaterials/Widget3DPassThrough_Opaque.uasset" 546
"../../../Engine/Content/EngineMaterials/Widget3DPassThrough_Opaque.uexp" 547
"../../../Engine/Content/EngineMaterials/Widget3DPassThrough_Masked_OneSided.uasset" 548
"../../../Engine/Content/EngineMaterials/Widget3DPassThrough_Masked_OneSided.uexp" 549
"../../../Engine/Content/EngineMaterials/Widget3DPassThrough_Masked.uasset" 550
"../../../Engine/Content/EngineMaterials/Widget3DPassThrough_Masked.uexp" 551
"../../../Engine/Content/EngineMaterials/WeightMapPlaceholderTexture.uasset" 552
"../../../Engine/Content/EngineMaterials/WeightMapPlaceholderTexture.uexp" 553
"../../../Engine/Content/EngineMaterials/WeightMapArrayPlaceholderTexture.uasset" 554
"../../../Engine/Content/EngineMaterials/WeightMapArrayPlaceholderTexture.uexp" 555
"../../../Engine/Content/EngineMaterials/RemoveSurfaceMaterial.uasset" 556
"../../../Engine/Content/EngineMaterials/RemoveSurfaceMaterial.uexp" 557
"../../../Engine/Content/EngineMaterials/DefaultCalibrationGrayscale.uasset" 558
"../../../Engine/Content/EngineMaterials/DefaultCalibrationGrayscale.uexp" 559
"../../../Engine/Content/EngineMaterials/PPM_DefaultCalibrationGrayscale.uasset" 560
"../../../Engine/Content/EngineMaterials/PPM_DefaultCalibrationGrayscale.uexp" 561
"../../../Engine/Content/EngineMaterials/DefaultCalibrationColor.uasset" 562
"../../../Engine/Content/EngineMaterials/DefaultCalibrationColor.uexp" 563
"../../../Engine/Content/EngineMaterials/PPM_DefaultCalibrationColor.uasset" 564
"../../../Engine/Content/EngineMaterials/PPM_DefaultCalibrationColor.uexp" 565
"../../../Engine/Content/EngineMaterials/PhAT_JointLimitMaterial.uasset" 566
"../../../Engine/Content/EngineMaterials/PhAT_JointLimitMaterial.uexp" 567
"../../../Engine/Content/EngineMaterials/NaniteHiddenSectionMaterial.uasset" 568
"../../../Engine/Content/EngineMaterials/NaniteHiddenSectionMaterial.uexp" 569
"../../../Engine/Content/EngineMaterials/InvalidLightmapSettings.ubulk" 570
"../../../Engine/Content/EngineMaterials/InvalidLightmapSettings.uasset" 571
"../../../Engine/Content/EngineMaterials/InvalidLightmapSettings.uexp" 572
"../../../Engine/Content/EngineMaterials/M_InvalidLightmapSettings.uasset" 573
"../../../Engine/Content/EngineMaterials/M_InvalidLightmapSettings.uexp" 574
"../../../Engine/Content/EngineMaterials/GizmoMaterial.uasset" 575
"../../../Engine/Content/EngineMaterials/GizmoMaterial.uexp" 576
"../../../Engine/Content/EngineMaterials/BaseFlattenEmissiveMap_VT.uasset" 577
"../../../Engine/Content/EngineMaterials/BaseFlattenEmissiveMap_VT.uexp" 578
"../../../Engine/Content/EngineMaterials/BaseFlattenGrayscaleMap_VT.uasset" 579
"../../../Engine/Content/EngineMaterials/BaseFlattenGrayscaleMap_VT.uexp" 580
"../../../Engine/Content/EngineMaterials/BaseFlattenLinearColor_VT.uasset" 581
"../../../Engine/Content/EngineMaterials/BaseFlattenLinearColor_VT.uexp" 582
"../../../Engine/Content/EngineMaterials/Black_1x1_EXR_Texture_VT.uasset" 583
"../../../Engine/Content/EngineMaterials/Black_1x1_EXR_Texture_VT.uexp" 584
"../../../Engine/Content/EngineMaterials/BaseFlattenDiffuseMap_VT.uasset" 585
"../../../Engine/Content/EngineMaterials/BaseFlattenDiffuseMap_VT.uexp" 586
"../../../Engine/Content/EngineMaterials/BaseFlattenNormalMap_VT.uasset" 587
"../../../Engine/Content/EngineMaterials/BaseFlattenNormalMap_VT.uexp" 588
"../../../Engine/Content/EngineMaterials/FlattenMaterial_WS_Normal_VT.uasset" 589
"../../../Engine/Content/EngineMaterials/FlattenMaterial_WS_Normal_VT.uexp" 590
"../../../Engine/Content/EngineMaterials/FlattenMaterial_VT.uasset" 591
"../../../Engine/Content/EngineMaterials/FlattenMaterial_VT.uexp" 592
"../../../Engine/Content/EngineMaterials/BaseFlattenNormalMap.uasset" 593
"../../../Engine/Content/EngineMaterials/BaseFlattenNormalMap.uexp" 594
"../../../Engine/Content/EngineMaterials/BaseFlattenGrayscaleMap.uasset" 595
"../../../Engine/Content/EngineMaterials/BaseFlattenGrayscaleMap.uexp" 596
"../../../Engine/Content/EngineMaterials/BaseFlattenDiffuseMap.uasset" 597
"../../../Engine/Content/EngineMaterials/BaseFlattenDiffuseMap.uexp" 598
"../../../Engine/Content/Functions/Engine_MaterialFunctions02/PivotPainter2/Black_1x1_EXR_Texture.uasset" 599
"../../../Engine/Content/Functions/Engine_MaterialFunctions02/PivotPainter2/Black_1x1_EXR_Texture.uexp" 600
"../../../Engine/Content/EngineMaterials/BaseFlattenEmissiveMap.uasset" 601
"../../../Engine/Content/EngineMaterials/BaseFlattenEmissiveMap.uexp" 602
"../../../Engine/Content/EngineMaterials/BaseFlattenLinearColor.uasset" 603
"../../../Engine/Content/EngineMaterials/BaseFlattenLinearColor.uexp" 604
"../../../Engine/Content/EngineMaterials/FlattenMaterial.uasset" 605
"../../../Engine/Content/EngineMaterials/FlattenMaterial.uexp" 606
"../../../Engine/Content/EngineMaterials/DefaultWhiteGrid_Low.uasset" 607
"../../../Engine/Content/EngineMaterials/DefaultWhiteGrid_Low.uexp" 608
"../../../Engine/Content/EngineMaterials/EmissiveMeshMaterial.uasset" 609
"../../../Engine/Content/EngineMaterials/EmissiveMeshMaterial.uexp" 610
"../../../Engine/Content/EngineMaterials/DefaultTextMaterialOpaque.uasset" 611
"../../../Engine/Content/EngineMaterials/DefaultTextMaterialOpaque.uexp" 612
"../../../Engine/Content/EngineMaterials/DefaultDiffuse.ubulk" 613
"../../../Engine/Content/EngineMaterials/DefaultDiffuse.uasset" 614
"../../../Engine/Content/EngineMaterials/DefaultDiffuse.uexp" 615
"../../../Engine/Content/EngineMaterials/DefaultPostProcessMaterial.uasset" 616
"../../../Engine/Content/EngineMaterials/DefaultPostProcessMaterial.uexp" 617
"../../../Engine/Content/EngineMaterials/DefaultLightFunctionMaterial.uasset" 618
"../../../Engine/Content/EngineMaterials/DefaultLightFunctionMaterial.uexp" 619
"../../../Engine/Content/EngineMaterials/DefaultDeferredDecalMaterial.uasset" 620
"../../../Engine/Content/EngineMaterials/DefaultDeferredDecalMaterial.uexp" 621
"../../../Engine/Content/Functions/Engine_MaterialFunctions02/Utility/CameraDirectionVector.uasset" 622
"../../../Engine/Content/Functions/Engine_MaterialFunctions02/Utility/CameraDirectionVector.uexp" 623
"../../../Engine/Content/EngineDebugMaterials/VolumeToRender.uasset" 624
"../../../Engine/Content/EngineDebugMaterials/VolumeToRender.uexp" 625
"../../../Engine/Content/EngineDebugMaterials/M_VolumeRenderSphereTracePP.uasset" 626
"../../../Engine/Content/EngineDebugMaterials/M_VolumeRenderSphereTracePP.uexp" 627
"../../../Engine/Content/EngineDebugMaterials/M_SimpleUnlitTranslucent.uasset" 628
"../../../Engine/Content/EngineDebugMaterials/M_SimpleUnlitTranslucent.uexp" 629
"../../../Engine/Content/EngineDebugMaterials/DebugMeshMaterial.uasset" 630
"../../../Engine/Content/EngineDebugMaterials/DebugMeshMaterial.uexp" 631
"../../../Engine/Content/EngineDebugMaterials/DebugEditorMaterial.uasset" 632
"../../../Engine/Content/EngineDebugMaterials/DebugEditorMaterial.uexp" 633
"../../../Engine/Plugins/Runtime/MeshModelingToolset/Content/Materials/M_DynamicMeshComponentVtxColor.uasset" 634
"../../../Engine/Plugins/Runtime/MeshModelingToolset/Content/Materials/M_DynamicMeshComponentVtxColor.uexp" 635
"../../../Engine/Plugins/Runtime/HairStrands/Content/Materials/HairMeshesDefaultMaterial.uasset" 636
"../../../Engine/Plugins/Runtime/HairStrands/Content/Materials/HairMeshesDefaultMaterial.uexp" 637
"../../../Engine/Plugins/Runtime/HairStrands/Content/Materials/HairDefaultMaterial.uasset" 638
"../../../Engine/Plugins/Runtime/HairStrands/Content/Materials/HairDefaultMaterial.uexp" 639
"../../../Engine/Plugins/Runtime/HairStrands/Content/Materials/HairGroupColors.uasset" 640
"../../../Engine/Plugins/Runtime/HairStrands/Content/Materials/HairGroupColors.uexp" 641
"../../../Engine/Content/Functions/Engine_MaterialFunctions02/Utility/MakeFloat2.uasset" 642
"../../../Engine/Content/Functions/Engine_MaterialFunctions02/Utility/MakeFloat2.uexp" 643
"../../../Engine/Content/Functions/Engine_MaterialFunctions02/Utility/MakeFloat3.uasset" 644
"../../../Engine/Content/Functions/Engine_MaterialFunctions02/Utility/MakeFloat3.uexp" 645
"../../../Engine/Content/EngineMaterials/HairColorMap.uasset" 646
"../../../Engine/Content/EngineMaterials/HairColorMap.uexp" 647
"../../../Engine/Content/EngineMaterials/HairDebugColor.uasset" 648
"../../../Engine/Content/EngineMaterials/HairDebugColor.uexp" 649
"../../../Engine/Plugins/Runtime/HairStrands/Content/Materials/HairDebugMaterial.uasset" 650
"../../../Engine/Plugins/Runtime/HairStrands/Content/Materials/HairDebugMaterial.uexp" 651
"../../../Engine/Plugins/Runtime/HairStrands/Content/Materials/HairCardsDefaultMaterial.uasset" 652
"../../../Engine/Plugins/Runtime/HairStrands/Content/Materials/HairCardsDefaultMaterial.uexp" 653
"../../../Engine/Content/Functions/Engine_MaterialFunctions02/Texturing/CustomRotator.uasset" 654
"../../../Engine/Content/Functions/Engine_MaterialFunctions02/Texturing/CustomRotator.uexp" 655
"../../../Engine/Plugins/Runtime/AudioWidgets/Content/AudioMaterialSlate/Functions/MF_SingleLine_Smooth.uasset" 656
"../../../Engine/Plugins/Runtime/AudioWidgets/Content/AudioMaterialSlate/Functions/MF_SingleLine_Smooth.uexp" 657
"../../../Engine/Plugins/Runtime/AudioWidgets/Content/AudioMaterialSlate/Functions/MF_AngleGradient.uasset" 658
"../../../Engine/Plugins/Runtime/AudioWidgets/Content/AudioMaterialSlate/Functions/MF_AngleGradient.uexp" 659
"../../../Engine/Plugins/Runtime/AudioWidgets/Content/AudioMaterialSlate/Functions/MF_SingleLine.uasset" 660
"../../../Engine/Plugins/Runtime/AudioWidgets/Content/AudioMaterialSlate/Functions/MF_SingleLine.uexp" 661
"../../../Engine/Content/Functions/Engine_MaterialFunctions01/Gradient/SphereGradient-2D.uasset" 662
"../../../Engine/Content/Functions/Engine_MaterialFunctions01/Gradient/SphereGradient-2D.uexp" 663
"../../../Engine/Plugins/Runtime/AudioWidgets/Content/AudioMaterialSlate/M_AudioMaterialToggleButton.uasset" 664
"../../../Engine/Plugins/Runtime/AudioWidgets/Content/AudioMaterialSlate/M_AudioMaterialToggleButton.uexp" 665
"../../../Engine/Plugins/Runtime/AudioWidgets/Content/AudioMaterialSlate/MI_AudioMaterialToggleButton.uasset" 666
"../../../Engine/Plugins/Runtime/AudioWidgets/Content/AudioMaterialSlate/MI_AudioMaterialToggleButton.uexp" 667
"../../../Engine/Content/Functions/Engine_MaterialFunctions02/Utility/VectorLength.uasset" 668
"../../../Engine/Content/Functions/Engine_MaterialFunctions02/Utility/VectorLength.uexp" 669
"../../../Engine/Content/Functions/Engine_MaterialFunctions01/Gradient/GeneratedRoundRect.uasset" 670
"../../../Engine/Content/Functions/Engine_MaterialFunctions01/Gradient/GeneratedRoundRect.uexp" 671
"../../../Engine/Plugins/Runtime/AudioWidgets/Content/AudioMaterialSlate/M_AudioMaterialRoundedSlider.uasset" 672
"../../../Engine/Plugins/Runtime/AudioWidgets/Content/AudioMaterialSlate/M_AudioMaterialRoundedSlider.uexp" 673
"../../../Engine/Plugins/Runtime/AudioWidgets/Content/AudioMaterialSlate/MI_AudioMaterialRoundedSlider.uasset" 674
"../../../Engine/Plugins/Runtime/AudioWidgets/Content/AudioMaterialSlate/MI_AudioMaterialRoundedSlider.uexp" 675
"../../../Engine/Plugins/Runtime/AudioWidgets/Content/AudioMaterialSlate/Functions/MF_Lines.uasset" 676
"../../../Engine/Plugins/Runtime/AudioWidgets/Content/AudioMaterialSlate/Functions/MF_Lines.uexp" 677
"../../../Engine/Content/Functions/Engine_MaterialFunctions02/Lerp_3Color.uasset" 678
"../../../Engine/Content/Functions/Engine_MaterialFunctions02/Lerp_3Color.uexp" 679
"../../../Engine/Plugins/Runtime/AudioWidgets/Content/AudioMaterialSlate/M_AudioMaterialMeter.uasset" 680
"../../../Engine/Plugins/Runtime/AudioWidgets/Content/AudioMaterialSlate/M_AudioMaterialMeter.uexp" 681
"../../../Engine/Plugins/Runtime/AudioWidgets/Content/AudioMaterialSlate/MI_AudioMaterialMeter.uasset" 682
"../../../Engine/Plugins/Runtime/AudioWidgets/Content/AudioMaterialSlate/MI_AudioMaterialMeter.uexp" 683
"../../../Engine/Plugins/Runtime/AudioWidgets/Content/AudioMaterialSlate/M_AudioMaterialKnob.uasset" 684
"../../../Engine/Plugins/Runtime/AudioWidgets/Content/AudioMaterialSlate/M_AudioMaterialKnob.uexp" 685
"../../../Engine/Plugins/Runtime/AudioWidgets/Content/AudioMaterialSlate/MI_AudioMaterialKnob.uasset" 686
"../../../Engine/Plugins/Runtime/AudioWidgets/Content/AudioMaterialSlate/MI_AudioMaterialKnob.uexp" 687
"../../../Engine/Plugins/Runtime/AudioWidgets/Content/AudioMaterialSlate/Functions/MF_DotOutlined.uasset" 688
"../../../Engine/Plugins/Runtime/AudioWidgets/Content/AudioMaterialSlate/Functions/MF_DotOutlined.uexp" 689
"../../../Engine/Plugins/Runtime/AudioWidgets/Content/AudioMaterialSlate/M_AudioMaterialEnvelope_ADSR.uasset" 690
"../../../Engine/Plugins/Runtime/AudioWidgets/Content/AudioMaterialSlate/M_AudioMaterialEnvelope_ADSR.uexp" 691
"../../../Engine/Plugins/Runtime/AudioWidgets/Content/AudioMaterialSlate/MI_AudioMaterialEnvelope_ADSR.uasset" 692
"../../../Engine/Plugins/Runtime/AudioWidgets/Content/AudioMaterialSlate/MI_AudioMaterialEnvelope_ADSR.uexp" 693
"../../../Engine/Plugins/Interchange/Assets/Content/Functions/MX_UsdPreviewSurface.uasset" 694
"../../../Engine/Plugins/Interchange/Assets/Content/Functions/MX_UsdPreviewSurface.uexp" 695
"../../../Engine/Plugins/Interchange/Assets/Content/Functions/MX_UniformEDF.uasset" 696
"../../../Engine/Plugins/Interchange/Assets/Content/Functions/MX_UniformEDF.uexp" 697
"../../../Engine/Plugins/Interchange/Assets/Content/Functions/MX_TranslucentBSDF.uasset" 698
"../../../Engine/Plugins/Interchange/Assets/Content/Functions/MX_TranslucentBSDF.uexp" 699
"../../../Engine/Plugins/Interchange/Assets/Content/Functions/MX_ThinFilmBSDF.uasset" 700
"../../../Engine/Plugins/Interchange/Assets/Content/Functions/MX_ThinFilmBSDF.uexp" 701
"../../../Engine/Plugins/Interchange/Assets/Content/Functions/MX_SurfaceUnlit.uasset" 702
"../../../Engine/Plugins/Interchange/Assets/Content/Functions/MX_SurfaceUnlit.uexp" 703
"../../../Engine/Plugins/Interchange/Assets/Content/Functions/MX_Surface.uasset" 704
"../../../Engine/Plugins/Interchange/Assets/Content/Functions/MX_Surface.uexp" 705
"../../../Engine/Plugins/Interchange/Assets/Content/Functions/MX_SubsurfaceBSDF.uasset" 706
"../../../Engine/Plugins/Interchange/Assets/Content/Functions/MX_SubsurfaceBSDF.uexp" 707
"../../../Engine/Plugins/Interchange/Assets/Content/Functions/MX_SheenBSDF.uasset" 708
"../../../Engine/Plugins/Interchange/Assets/Content/Functions/MX_SheenBSDF.uexp" 709
"../../../Engine/Plugins/Interchange/Assets/Content/Functions/MX_OrenNayarBSDF.uasset" 710
"../../../Engine/Plugins/Interchange/Assets/Content/Functions/MX_OrenNayarBSDF.uexp" 711
"../../../Engine/Plugins/Interchange/Assets/Content/Utilities/New_LUT.uasset" 712
"../../../Engine/Plugins/Interchange/Assets/Content/Utilities/New_LUT.uexp" 713
"../../../Engine/Content/Functions/Engine_MaterialFunctions03/Math/RemapValueRange.uasset" 714
"../../../Engine/Content/Functions/Engine_MaterialFunctions03/Math/RemapValueRange.uexp" 715
"../../../Engine/Plugins/Interchange/Assets/Content/Functions/MF_Iridescence.uasset" 716
"../../../Engine/Plugins/Interchange/Assets/Content/Functions/MF_Iridescence.uexp" 717
"../../../Engine/Plugins/Interchange/Assets/Content/Functions/MX_StandardSurface.uasset" 718
"../../../Engine/Plugins/Interchange/Assets/Content/Functions/MX_StandardSurface.uexp" 719
"../../../Engine/Plugins/Interchange/Assets/Content/Functions/MX_TransmissionSurface.uasset" 720
"../../../Engine/Plugins/Interchange/Assets/Content/Functions/MX_TransmissionSurface.uexp" 721
"../../../Engine/Plugins/Interchange/Assets/Content/Functions/MX_OpenPBR_Translucent.uasset" 722
"../../../Engine/Plugins/Interchange/Assets/Content/Functions/MX_OpenPBR_Translucent.uexp" 723
"../../../Engine/Plugins/Interchange/Assets/Content/Functions/MX_OpenPBR_Opaque.uasset" 724
"../../../Engine/Plugins/Interchange/Assets/Content/Functions/MX_OpenPBR_Opaque.uexp" 725
"../../../Engine/Plugins/Interchange/Assets/Content/Functions/MX_MeasuredEDF.uasset" 726
"../../../Engine/Plugins/Interchange/Assets/Content/Functions/MX_MeasuredEDF.uexp" 727
"../../../Engine/Plugins/Interchange/Assets/Content/Functions/MX_GeneralizedSchlickBSDF.uasset" 728
"../../../Engine/Plugins/Interchange/Assets/Content/Functions/MX_GeneralizedSchlickBSDF.uexp" 729
"../../../Engine/Plugins/Interchange/Assets/Content/Functions/MX_DielectricBSDF.uasset" 730
"../../../Engine/Plugins/Interchange/Assets/Content/Functions/MX_DielectricBSDF.uexp" 731
"../../../Engine/Plugins/Interchange/Assets/Content/Functions/MX_ConicalEDF.uasset" 732
"../../../Engine/Plugins/Interchange/Assets/Content/Functions/MX_ConicalEDF.uexp" 733
"../../../Engine/Plugins/Interchange/Assets/Content/Functions/MX_ConductorBSDF.uasset" 734
"../../../Engine/Plugins/Interchange/Assets/Content/Functions/MX_ConductorBSDF.uexp" 735
"../../../Engine/Plugins/Interchange/Assets/Content/Functions/MX_BurleyDiffuseBSDF.uasset" 736
"../../../Engine/Plugins/Interchange/Assets/Content/Functions/MX_BurleyDiffuseBSDF.uexp" 737
"../../../Engine/Plugins/Interchange/Assets/Content/Functions/MX_AnisotropicVDF.uasset" 738
"../../../Engine/Plugins/Interchange/Assets/Content/Functions/MX_AnisotropicVDF.uexp" 739
"../../../Engine/Plugins/Interchange/Assets/Content/Functions/MX_AbsorptionVDF.uasset" 740
"../../../Engine/Plugins/Interchange/Assets/Content/Functions/MX_AbsorptionVDF.uexp" 741
"../../../Engine/Plugins/Experimental/Water/Content/Meshes/RiverMesh.ubulk" 742
"../../../Engine/Plugins/Experimental/Water/Content/Meshes/RiverMesh.uasset" 743
"../../../Engine/Plugins/Experimental/Water/Content/Meshes/RiverMesh.uexp" 744
"../../../Engine/Plugins/Experimental/Water/Content/Curves/FloatCurve_WaterBodyIsland.uasset" 745
"../../../Engine/Plugins/Experimental/Water/Content/Curves/FloatCurve_WaterBodyIsland.uexp" 746
"../../../Engine/Plugins/Editor/SpeedTreeImporter/Content/SpeedTree9/game_wind_noise.ubulk" 747
"../../../Engine/Plugins/Editor/SpeedTreeImporter/Content/SpeedTree9/game_wind_noise.uasset" 748
"../../../Engine/Plugins/Editor/SpeedTreeImporter/Content/SpeedTree9/game_wind_noise.uexp" 749
"../../../Engine/Plugins/Editor/SpeedTreeImporter/Content/SpeedTree9/UnpackDirection.uasset" 750
"../../../Engine/Plugins/Editor/SpeedTreeImporter/Content/SpeedTree9/UnpackDirection.uexp" 751
"../../../Engine/Content/Functions/Engine_MaterialFunctions02/ObjectLocalBounds.uasset" 752
"../../../Engine/Content/Functions/Engine_MaterialFunctions02/ObjectLocalBounds.uexp" 753
"../../../Engine/Content/Functions/Engine_MaterialFunctions02/Utility/BreakOutFloat3Components.uasset" 754
"../../../Engine/Content/Functions/Engine_MaterialFunctions02/Utility/BreakOutFloat3Components.uexp" 755
"../../../Engine/Content/Functions/Engine_MaterialFunctions02/UVs/BoundingBoxBased_0-1_UVW.uasset" 756
"../../../Engine/Content/Functions/Engine_MaterialFunctions02/UVs/BoundingBoxBased_0-1_UVW.uexp" 757
"../../../Engine/Plugins/Editor/SpeedTreeImporter/Content/SpeedTree9/UnpackInteger3.uasset" 758
"../../../Engine/Plugins/Editor/SpeedTreeImporter/Content/SpeedTree9/UnpackInteger3.uexp" 759
"../../../Engine/Plugins/Editor/SpeedTreeImporter/Content/SpeedTree9/SpeedTreeCameraFacing.uasset" 760
"../../../Engine/Plugins/Editor/SpeedTreeImporter/Content/SpeedTree9/SpeedTreeCameraFacing.uexp" 761
"../../../Engine/Content/Functions/Engine_MaterialFunctions02/WorldPositionOffset/ObjectScale.uasset" 762
"../../../Engine/Content/Functions/Engine_MaterialFunctions02/WorldPositionOffset/ObjectScale.uexp" 763
"../../../Engine/Content/Functions/Engine_MaterialFunctions02/SafeNormalize.uasset" 764
"../../../Engine/Content/Functions/Engine_MaterialFunctions02/SafeNormalize.uexp" 765
"../../../Engine/Plugins/Editor/SpeedTreeImporter/Content/SpeedTree9/SpeedTreeWindMotion.uasset" 766
"../../../Engine/Plugins/Editor/SpeedTreeImporter/Content/SpeedTree9/SpeedTreeWindMotion.uexp" 767
"../../../Engine/Plugins/Editor/SpeedTreeImporter/Content/SpeedTree9/SpeedTreeBranchMotion.uasset" 768
"../../../Engine/Plugins/Editor/SpeedTreeImporter/Content/SpeedTree9/SpeedTreeBranchMotion.uexp" 769
"../../../Engine/Plugins/Editor/SpeedTreeImporter/Content/SpeedTree9/SpeedTreeWind.uasset" 770
"../../../Engine/Plugins/Editor/SpeedTreeImporter/Content/SpeedTree9/SpeedTreeWind.uexp" 771
"../../../Engine/Plugins/Editor/SpeedTreeImporter/Content/SpeedTree9/EmptyNormal.uasset" 772
"../../../Engine/Plugins/Editor/SpeedTreeImporter/Content/SpeedTree9/EmptyNormal.uexp" 773
"../../../Engine/Plugins/Editor/SpeedTreeImporter/Content/SpeedTree9/Empty.uasset" 774
"../../../Engine/Plugins/Editor/SpeedTreeImporter/Content/SpeedTree9/Empty.uexp" 775
"../../../Engine/Plugins/Editor/SpeedTreeImporter/Content/SpeedTree9/SpeedTreeMaster.uasset" 776
"../../../Engine/Plugins/Editor/SpeedTreeImporter/Content/SpeedTree9/SpeedTreeMaster.uexp" 777
"../../../Engine/Plugins/Editor/SpeedTreeImporter/Content/SpeedTree9/SpeedTreeBillboard.uasset" 778
"../../../Engine/Plugins/Editor/SpeedTreeImporter/Content/SpeedTree9/SpeedTreeBillboard.uexp" 779
"../../../Engine/Plugins/Editor/SpeedTreeImporter/Content/SpeedTree9/SpeedTreeBillboardMaster.uasset" 780
"../../../Engine/Plugins/Editor/SpeedTreeImporter/Content/SpeedTree9/SpeedTreeBillboardMaster.uexp" 781
"../../../Engine/Content/EditorMaterials/PreviewShadowIndicator.ubulk" 782
"../../../Engine/Content/EditorMaterials/PreviewShadowIndicator.uasset" 783
"../../../Engine/Content/EditorMaterials/PreviewShadowIndicator.uexp" 784
"../../../Engine/Content/EditorMaterials/PreviewShadowIndicatorMaterial.uasset" 785
"../../../Engine/Content/EditorMaterials/PreviewShadowIndicatorMaterial.uexp" 786
"../../../Engine/Content/EditorMaterials/PhAT_UnselectedMaterial.uasset" 787
"../../../Engine/Content/EditorMaterials/PhAT_UnselectedMaterial.uexp" 788
"../../../Engine/Content/EditorMaterials/PhAT_NoCollisionMaterial.uasset" 789
"../../../Engine/Content/EditorMaterials/PhAT_NoCollisionMaterial.uexp" 790
"../../../Engine/Content/EditorLandscapeResources/SplineEditorMeshMat.uasset" 791
"../../../Engine/Content/EditorLandscapeResources/SplineEditorMeshMat.uexp" 792
"../../../Engine/Content/EditorLandscapeResources/SplineEditorMesh.ubulk" 793
"../../../Engine/Content/EditorLandscapeResources/SplineEditorMesh.uasset" 794
"../../../Engine/Content/EditorLandscapeResources/SplineEditorMesh.uexp" 795
"../../../Engine/Content/EngineMaterials/DefaultMaterial.uasset" 796
"../../../Engine/Content/EngineMaterials/DefaultMaterial.uexp" 797
"../../../Engine/Content/BasicShapes/Sphere.ubulk" 798
"../../../Engine/Content/BasicShapes/Sphere.uasset" 799
"../../../Engine/Content/BasicShapes/Sphere.uexp" 800
"../../../Engine/Content/BasicShapes/Plane.ubulk" 801
"../../../Engine/Content/BasicShapes/Plane.uasset" 802
"../../../Engine/Content/BasicShapes/Plane.uexp" 803
"../../../Engine/Content/BasicShapes/Cylinder.ubulk" 804
"../../../Engine/Content/BasicShapes/Cylinder.uasset" 805
"../../../Engine/Content/BasicShapes/Cylinder.uexp" 806
"../../../Engine/Content/BasicShapes/Cone.ubulk" 807
"../../../Engine/Content/BasicShapes/Cone.uasset" 808
"../../../Engine/Content/BasicShapes/Cone.uexp" 809
"../../../Engine/Plugins/Interchange/Assets/Content/gltf/Textures/T_White_srgb.uasset" 810
"../../../Engine/Plugins/Interchange/Assets/Content/gltf/Textures/T_White_srgb.uexp" 811
"../../../Engine/Plugins/Interchange/Assets/Content/gltf/MaterialFunctions/MF_BaseColor.uasset" 812
"../../../Engine/Plugins/Interchange/Assets/Content/gltf/MaterialFunctions/MF_BaseColor.uexp" 813
"../../../Engine/Plugins/Interchange/Assets/Content/gltf/MaterialFunctions/MF_RotateV2.uasset" 814
"../../../Engine/Plugins/Interchange/Assets/Content/gltf/MaterialFunctions/MF_RotateV2.uexp" 815
"../../../Engine/Plugins/Interchange/Assets/Content/gltf/MaterialFunctions/MF_TransformUVs.uasset" 816
"../../../Engine/Plugins/Interchange/Assets/Content/gltf/MaterialFunctions/MF_TransformUVs.uexp" 817
"../../../Engine/Plugins/Interchange/Assets/Content/gltf/MaterialBodies/MF_Unlit_Body.uasset" 818
"../../../Engine/Plugins/Interchange/Assets/Content/gltf/MaterialBodies/MF_Unlit_Body.uexp" 819
"../../../Engine/Plugins/Interchange/Assets/Content/gltf/M_Unlit.uasset" 820
"../../../Engine/Plugins/Interchange/Assets/Content/gltf/M_Unlit.uexp" 821
"../../../Engine/Plugins/Interchange/Assets/Content/gltf/MaterialInstances/MI_Unlit_Opaque_DS.uasset" 822
"../../../Engine/Plugins/Interchange/Assets/Content/gltf/MaterialInstances/MI_Unlit_Opaque_DS.uexp" 823
"../../../Engine/Plugins/Interchange/Assets/Content/gltf/MaterialInstances/MI_Unlit_Opaque.uasset" 824
"../../../Engine/Plugins/Interchange/Assets/Content/gltf/MaterialInstances/MI_Unlit_Opaque.uexp" 825
"../../../Engine/Plugins/Interchange/Assets/Content/gltf/MaterialInstances/MI_Unlit_Mask_DS.uasset" 826
"../../../Engine/Plugins/Interchange/Assets/Content/gltf/MaterialInstances/MI_Unlit_Mask_DS.uexp" 827
"../../../Engine/Plugins/Interchange/Assets/Content/gltf/MaterialInstances/MI_Unlit_Mask.uasset" 828
"../../../Engine/Plugins/Interchange/Assets/Content/gltf/MaterialInstances/MI_Unlit_Mask.uexp" 829
"../../../Engine/Plugins/Interchange/Assets/Content/gltf/MaterialInstances/MI_Unlit_Blend_DS.uasset" 830
"../../../Engine/Plugins/Interchange/Assets/Content/gltf/MaterialInstances/MI_Unlit_Blend_DS.uexp" 831
"../../../Engine/Plugins/Interchange/Assets/Content/gltf/MaterialInstances/MI_Unlit_Blend.uasset" 832
"../../../Engine/Plugins/Interchange/Assets/Content/gltf/MaterialInstances/MI_Unlit_Blend.uexp" 833
"../../../Engine/Content/Functions/Engine_MaterialFunctions02/Math/Transform3x3Matrix.uasset" 834
"../../../Engine/Content/Functions/Engine_MaterialFunctions02/Math/Transform3x3Matrix.uexp" 835
"../../../Engine/Content/EngineMaterials/Good64x64TilingNoiseHighFreq.uasset" 836
"../../../Engine/Content/EngineMaterials/Good64x64TilingNoiseHighFreq.uexp" 837
"../../../Engine/Content/Functions/Engine_MaterialFunctions02/Texturing/ScreenAlignedPixelToPixelUVs.uasset" 838
"../../../Engine/Content/Functions/Engine_MaterialFunctions02/Texturing/ScreenAlignedPixelToPixelUVs.uexp" 839
"../../../Engine/Plugins/Interchange/Assets/Content/gltf/MaterialFunctions/MF_Temporal_Blur.uasset" 840
"../../../Engine/Plugins/Interchange/Assets/Content/gltf/MaterialFunctions/MF_Temporal_Blur.uexp" 841
"../../../Engine/Plugins/Interchange/Assets/Content/gltf/MaterialFunctions/MF_Specular.uasset" 842
"../../../Engine/Plugins/Interchange/Assets/Content/gltf/MaterialFunctions/MF_Specular.uexp" 843
"../../../Engine/Plugins/Interchange/Assets/Content/gltf/Textures/T_Anisotropy_Direction_Linear.uasset" 844
"../../../Engine/Plugins/Interchange/Assets/Content/gltf/Textures/T_Anisotropy_Direction_Linear.uexp" 845
"../../../Engine/Plugins/Interchange/Assets/Content/gltf/MaterialFunctions/MF_SpecularAnisotropy.uasset" 846
"../../../Engine/Plugins/Interchange/Assets/Content/gltf/MaterialFunctions/MF_SpecularAnisotropy.uexp" 847
"../../../Engine/Plugins/Interchange/Assets/Content/gltf/Textures/T_White_Linear.uasset" 848
"../../../Engine/Plugins/Interchange/Assets/Content/gltf/Textures/T_White_Linear.uexp" 849
"../../../Engine/Plugins/Interchange/Assets/Content/gltf/MaterialFunctions/MF_MetallicRoughness.uasset" 850
"../../../Engine/Plugins/Interchange/Assets/Content/gltf/MaterialFunctions/MF_MetallicRoughness.uexp" 851
"../../../Engine/Plugins/Interchange/Assets/Content/gltf/Textures/T_Generic_N.uasset" 852
"../../../Engine/Plugins/Interchange/Assets/Content/gltf/Textures/T_Generic_N.uexp" 853
"../../../Engine/Plugins/Interchange/Assets/Content/gltf/MaterialFunctions/MF_ScaleNormal.uasset" 854
"../../../Engine/Plugins/Interchange/Assets/Content/gltf/MaterialFunctions/MF_ScaleNormal.uexp" 855
"../../../Engine/Plugins/Interchange/Assets/Content/gltf/MaterialFunctions/MF_Fresnel_DS.uasset" 856
"../../../Engine/Plugins/Interchange/Assets/Content/gltf/MaterialFunctions/MF_Fresnel_DS.uexp" 857
"../../../Engine/Plugins/Interchange/Assets/Content/gltf/MaterialFunctions/MF_Iridescence.uasset" 858
"../../../Engine/Plugins/Interchange/Assets/Content/gltf/MaterialFunctions/MF_Iridescence.uexp" 859
"../../../Engine/Plugins/Interchange/Assets/Content/gltf/MaterialFunctions/MF_Occlusion.uasset" 860
"../../../Engine/Plugins/Interchange/Assets/Content/gltf/MaterialFunctions/MF_Occlusion.uexp" 861
"../../../Engine/Plugins/Interchange/Assets/Content/gltf/MaterialFunctions/MF_IOR.uasset" 862
"../../../Engine/Plugins/Interchange/Assets/Content/gltf/MaterialFunctions/MF_IOR.uexp" 863
"../../../Engine/Plugins/Interchange/Assets/Content/gltf/MaterialFunctions/MF_Transmission.uasset" 864
"../../../Engine/Plugins/Interchange/Assets/Content/gltf/MaterialFunctions/MF_Transmission.uexp" 865
"../../../Engine/Plugins/Interchange/Assets/Content/gltf/MaterialFunctions/MF_RotateNormals_TS.uasset" 866
"../../../Engine/Plugins/Interchange/Assets/Content/gltf/MaterialFunctions/MF_RotateNormals_TS.uexp" 867
"../../../Engine/Plugins/Interchange/Assets/Content/gltf/MaterialFunctions/MF_Normals.uasset" 868
"../../../Engine/Plugins/Interchange/Assets/Content/gltf/MaterialFunctions/MF_Normals.uexp" 869
"../../../Engine/Plugins/Interchange/Assets/Content/gltf/MaterialBodies/MF_Transmission_Body.uasset" 870
"../../../Engine/Plugins/Interchange/Assets/Content/gltf/MaterialBodies/MF_Transmission_Body.uexp" 871
"../../../Engine/Plugins/Interchange/Assets/Content/gltf/M_Transmission.uasset" 872
"../../../Engine/Plugins/Interchange/Assets/Content/gltf/M_Transmission.uexp" 873
"../../../Engine/Plugins/Interchange/Assets/Content/gltf/MaterialInstances/MI_Transmission_DS.uasset" 874
"../../../Engine/Plugins/Interchange/Assets/Content/gltf/MaterialInstances/MI_Transmission_DS.uexp" 875
"../../../Engine/Plugins/Interchange/Assets/Content/gltf/MaterialInstances/MI_Transmission.uasset" 876
"../../../Engine/Plugins/Interchange/Assets/Content/gltf/MaterialInstances/MI_Transmission.uexp" 877
"../../../Engine/Content/Functions/Engine_MaterialFunctions02/Math/AddComponents.uasset" 878
"../../../Engine/Content/Functions/Engine_MaterialFunctions02/Math/AddComponents.uexp" 879
"../../../Engine/Plugins/Interchange/Assets/Content/gltf/MaterialFunctions/MF_DiffuseSpecGloss.uasset" 880
"../../../Engine/Plugins/Interchange/Assets/Content/gltf/MaterialFunctions/MF_DiffuseSpecGloss.uexp" 881
"../../../Engine/Plugins/Interchange/Assets/Content/gltf/MaterialFunctions/MF_Emissive.uasset" 882
"../../../Engine/Plugins/Interchange/Assets/Content/gltf/MaterialFunctions/MF_Emissive.uexp" 883
"../../../Engine/Plugins/Interchange/Assets/Content/gltf/MaterialFunctions/MF_PerceivedBrightness.uasset" 884
"../../../Engine/Plugins/Interchange/Assets/Content/gltf/MaterialFunctions/MF_PerceivedBrightness.uexp" 885
"../../../Engine/Plugins/Interchange/Assets/Content/gltf/MaterialFunctions/MF_SpecGlossToMetalRoughness.uasset" 886
"../../../Engine/Plugins/Interchange/Assets/Content/gltf/MaterialFunctions/MF_SpecGlossToMetalRoughness.uexp" 887
"../../../Engine/Plugins/Interchange/Assets/Content/gltf/MaterialFunctions/MF_MaxComponentValue.uasset" 888
"../../../Engine/Plugins/Interchange/Assets/Content/gltf/MaterialFunctions/MF_MaxComponentValue.uexp" 889
"../../../Engine/Plugins/Interchange/Assets/Content/gltf/MaterialBodies/MF_SpecularGlossiness_Body.uasset" 890
"../../../Engine/Plugins/Interchange/Assets/Content/gltf/MaterialBodies/MF_SpecularGlossiness_Body.uexp" 891
"../../../Engine/Plugins/Interchange/Assets/Content/gltf/M_SpecularGlossiness.uasset" 892
"../../../Engine/Plugins/Interchange/Assets/Content/gltf/M_SpecularGlossiness.uexp" 893
"../../../Engine/Plugins/Interchange/Assets/Content/gltf/MaterialInstances/MI_SpecularGlossiness_Opaque_DS.uasset" 894
"../../../Engine/Plugins/Interchange/Assets/Content/gltf/MaterialInstances/MI_SpecularGlossiness_Opaque_DS.uexp" 895
"../../../Engine/Plugins/Interchange/Assets/Content/gltf/MaterialInstances/MI_SpecularGlossiness_Opaque.uasset" 896
"../../../Engine/Plugins/Interchange/Assets/Content/gltf/MaterialInstances/MI_SpecularGlossiness_Opaque.uexp" 897
"../../../Engine/Plugins/Interchange/Assets/Content/gltf/MaterialInstances/MI_SpecularGlossiness_Mask_DS.uasset" 898
"../../../Engine/Plugins/Interchange/Assets/Content/gltf/MaterialInstances/MI_SpecularGlossiness_Mask_DS.uexp" 899
"../../../Engine/Plugins/Interchange/Assets/Content/gltf/MaterialInstances/MI_SpecularGlossiness_Mask.uasset" 900
"../../../Engine/Plugins/Interchange/Assets/Content/gltf/MaterialInstances/MI_SpecularGlossiness_Mask.uexp" 901
"../../../Engine/Plugins/Interchange/Assets/Content/gltf/MaterialInstances/MI_SpecularGlossiness_Blend_DS.uasset" 902
"../../../Engine/Plugins/Interchange/Assets/Content/gltf/MaterialInstances/MI_SpecularGlossiness_Blend_DS.uexp" 903
"../../../Engine/Plugins/Interchange/Assets/Content/gltf/MaterialInstances/MI_SpecularGlossiness_Blend.uasset" 904
"../../../Engine/Plugins/Interchange/Assets/Content/gltf/MaterialInstances/MI_SpecularGlossiness_Blend.uexp" 905
"../../../Engine/Plugins/Interchange/Assets/Content/gltf/MaterialFunctions/MF_Sheen.uasset" 906
"../../../Engine/Plugins/Interchange/Assets/Content/gltf/MaterialFunctions/MF_Sheen.uexp" 907
"../../../Engine/Plugins/Interchange/Assets/Content/gltf/MaterialBodies/MF_Sheen_Body.uasset" 908
"../../../Engine/Plugins/Interchange/Assets/Content/gltf/MaterialBodies/MF_Sheen_Body.uexp" 909
"../../../Engine/Plugins/Interchange/Assets/Content/gltf/M_Sheen.uasset" 910
"../../../Engine/Plugins/Interchange/Assets/Content/gltf/M_Sheen.uexp" 911
"../../../Engine/Plugins/Interchange/Assets/Content/gltf/MaterialInstances/MI_Sheen_Opaque_DS.uasset" 912
"../../../Engine/Plugins/Interchange/Assets/Content/gltf/MaterialInstances/MI_Sheen_Opaque_DS.uexp" 913
"../../../Engine/Plugins/Interchange/Assets/Content/gltf/MaterialInstances/MI_Sheen_Opaque.uasset" 914
"../../../Engine/Plugins/Interchange/Assets/Content/gltf/MaterialInstances/MI_Sheen_Opaque.uexp" 915
"../../../Engine/Plugins/Interchange/Assets/Content/gltf/MaterialInstances/MI_Sheen_Mask_DS.uasset" 916
"../../../Engine/Plugins/Interchange/Assets/Content/gltf/MaterialInstances/MI_Sheen_Mask_DS.uexp" 917
"../../../Engine/Plugins/Interchange/Assets/Content/gltf/MaterialInstances/MI_Sheen_Mask.uasset" 918
"../../../Engine/Plugins/Interchange/Assets/Content/gltf/MaterialInstances/MI_Sheen_Mask.uexp" 919
"../../../Engine/Plugins/Interchange/Assets/Content/gltf/MaterialInstances/MI_Sheen_Blend_DS.uasset" 920
"../../../Engine/Plugins/Interchange/Assets/Content/gltf/MaterialInstances/MI_Sheen_Blend_DS.uexp" 921
"../../../Engine/Plugins/Interchange/Assets/Content/gltf/MaterialInstances/MI_Sheen_Blend.uasset" 922
"../../../Engine/Plugins/Interchange/Assets/Content/gltf/MaterialInstances/MI_Sheen_Blend.uexp" 923
"../../../Engine/Plugins/Interchange/Assets/Content/gltf/MaterialBodies/MF_Default_Body.uasset" 924
"../../../Engine/Plugins/Interchange/Assets/Content/gltf/MaterialBodies/MF_Default_Body.uexp" 925
"../../../Engine/Plugins/Interchange/Assets/Content/gltf/M_Default.uasset" 926
"../../../Engine/Plugins/Interchange/Assets/Content/gltf/M_Default.uexp" 927
"../../../Engine/Plugins/Interchange/Assets/Content/gltf/MaterialInstances/MI_Default_Opaque_DS.uasset" 928
"../../../Engine/Plugins/Interchange/Assets/Content/gltf/MaterialInstances/MI_Default_Opaque_DS.uexp" 929
"../../../Engine/Plugins/Interchange/Assets/Content/gltf/MaterialInstances/MI_Default_Opaque.uasset" 930
"../../../Engine/Plugins/Interchange/Assets/Content/gltf/MaterialInstances/MI_Default_Opaque.uexp" 931
"../../../Engine/Plugins/Interchange/Assets/Content/gltf/MaterialInstances/MI_Default_Mask_DS.uasset" 932
"../../../Engine/Plugins/Interchange/Assets/Content/gltf/MaterialInstances/MI_Default_Mask_DS.uexp" 933
"../../../Engine/Plugins/Interchange/Assets/Content/gltf/MaterialInstances/MI_Default_Mask.uasset" 934
"../../../Engine/Plugins/Interchange/Assets/Content/gltf/MaterialInstances/MI_Default_Mask.uexp" 935
"../../../Engine/Plugins/Interchange/Assets/Content/gltf/MaterialInstances/MI_Default_Blend_DS.uasset" 936
"../../../Engine/Plugins/Interchange/Assets/Content/gltf/MaterialInstances/MI_Default_Blend_DS.uexp" 937
"../../../Engine/Plugins/Interchange/Assets/Content/gltf/MaterialInstances/MI_Default_Blend.uasset" 938
"../../../Engine/Plugins/Interchange/Assets/Content/gltf/MaterialInstances/MI_Default_Blend.uexp" 939
"../../../Engine/Content/Functions/Engine_MaterialFunctions01/Texturing/FlattenNormal.uasset" 940
"../../../Engine/Content/Functions/Engine_MaterialFunctions01/Texturing/FlattenNormal.uexp" 941
"../../../Engine/Plugins/Interchange/Assets/Content/gltf/MaterialFunctions/MF_Clearcoat.uasset" 942
"../../../Engine/Plugins/Interchange/Assets/Content/gltf/MaterialFunctions/MF_Clearcoat.uexp" 943
"../../../Engine/Plugins/Interchange/Assets/Content/gltf/MaterialBodies/MF_ClearCoat_Body.uasset" 944
"../../../Engine/Plugins/Interchange/Assets/Content/gltf/MaterialBodies/MF_ClearCoat_Body.uexp" 945
"../../../Engine/Plugins/Interchange/Assets/Content/gltf/M_ClearCoat.uasset" 946
"../../../Engine/Plugins/Interchange/Assets/Content/gltf/M_ClearCoat.uexp" 947
"../../../Engine/Plugins/Interchange/Assets/Content/gltf/MaterialInstances/MI_ClearCoat_Opaque_DS.uasset" 948
"../../../Engine/Plugins/Interchange/Assets/Content/gltf/MaterialInstances/MI_ClearCoat_Opaque_DS.uexp" 949
"../../../Engine/Plugins/Interchange/Assets/Content/gltf/MaterialInstances/MI_ClearCoat_Opaque.uasset" 950
"../../../Engine/Plugins/Interchange/Assets/Content/gltf/MaterialInstances/MI_ClearCoat_Opaque.uexp" 951
"../../../Engine/Plugins/Interchange/Assets/Content/gltf/MaterialInstances/MI_ClearCoat_Mask_DS.uasset" 952
"../../../Engine/Plugins/Interchange/Assets/Content/gltf/MaterialInstances/MI_ClearCoat_Mask_DS.uexp" 953
"../../../Engine/Plugins/Interchange/Assets/Content/gltf/MaterialInstances/MI_ClearCoat_Mask.uasset" 954
"../../../Engine/Plugins/Interchange/Assets/Content/gltf/MaterialInstances/MI_ClearCoat_Mask.uexp" 955
"../../../Engine/Plugins/Interchange/Assets/Content/gltf/MaterialInstances/MI_ClearCoat_Blend_DS.uasset" 956
"../../../Engine/Plugins/Interchange/Assets/Content/gltf/MaterialInstances/MI_ClearCoat_Blend_DS.uexp" 957
"../../../Engine/Plugins/Interchange/Assets/Content/gltf/MaterialInstances/MI_ClearCoat_Blend.uasset" 958
"../../../Engine/Plugins/Interchange/Assets/Content/gltf/MaterialInstances/MI_ClearCoat_Blend.uexp" 959
"../../../Engine/Plugins/Experimental/Water/Content/Materials/WaterInfo/DrawWaterInfo.uasset" 960
"../../../Engine/Plugins/Experimental/Water/Content/Materials/WaterInfo/DrawWaterInfo.uexp" 961
"../../../Engine/Plugins/Experimental/Landmass/Content/Landscape/Meshes/S_SpritePlane.ubulk" 962
"../../../Engine/Plugins/Experimental/Landmass/Content/Landscape/Meshes/S_SpritePlane.uasset" 963
"../../../Engine/Plugins/Experimental/Landmass/Content/Landscape/Meshes/S_SpritePlane.uexp" 964
"../../../Engine/Content/VREditor/TransformGizmo/Main.uasset" 965
"../../../Engine/Content/VREditor/TransformGizmo/Main.uexp" 966
"../../../Engine/Content/VREditor/TransformGizmo/Xray.uasset" 967
"../../../Engine/Content/VREditor/TransformGizmo/Xray.uexp" 968
"../../../Engine/Content/VREditor/TransformGizmo/SM_Sequencer_Node.ubulk" 969
"../../../Engine/Content/VREditor/TransformGizmo/SM_Sequencer_Node.uasset" 970
"../../../Engine/Content/VREditor/TransformGizmo/SM_Sequencer_Node.uexp" 971
"../../../Engine/Content/VREditor/LaserPointer/VR_LaserPower_01.ubulk" 972
"../../../Engine/Content/VREditor/LaserPointer/VR_LaserPower_01.uasset" 973
"../../../Engine/Content/VREditor/LaserPointer/VR_LaserPower_01.uexp" 974
"../../../Engine/Content/VREditor/TransformGizmo/TransformGizmoMaterial.uasset" 975
"../../../Engine/Content/VREditor/TransformGizmo/TransformGizmoMaterial.uexp" 976
"../../../Engine/Content/VREditor/TransformGizmo/TranslucentTransformGizmoMaterial.uasset" 977
"../../../Engine/Content/VREditor/TransformGizmo/TranslucentTransformGizmoMaterial.uexp" 978
"../../../Engine/Content/VREditor/TransformGizmo/BoundingBoxEdge.ubulk" 979
"../../../Engine/Content/VREditor/TransformGizmo/BoundingBoxEdge.uasset" 980
"../../../Engine/Content/VREditor/TransformGizmo/BoundingBoxEdge.uexp" 981
"../../../Engine/Content/VREditor/TransformGizmo/BoundingBoxCorner.ubulk" 982
"../../../Engine/Content/VREditor/TransformGizmo/BoundingBoxCorner.uasset" 983
"../../../Engine/Content/VREditor/TransformGizmo/BoundingBoxCorner.uexp" 984
"../../../Engine/Content/EngineSky/VolumetricClouds/T_CloudMask.ubulk" 985
"../../../Engine/Content/EngineSky/VolumetricClouds/T_CloudMask.uasset" 986
"../../../Engine/Content/EngineSky/VolumetricClouds/T_CloudMask.uexp" 987
"../../../Engine/Content/EngineSky/VolumetricClouds/VT_Lightning.uasset" 988
"../../../Engine/Content/EngineSky/VolumetricClouds/VT_Lightning.uexp" 989
"../../../Engine/Content/EngineSky/VolumetricClouds/T_Profile_08.ubulk" 990
"../../../Engine/Content/EngineSky/VolumetricClouds/T_Profile_08.uasset" 991
"../../../Engine/Content/EngineSky/VolumetricClouds/T_Profile_08.uexp" 992
"../../../Engine/Content/Functions/Engine_MaterialFunctions02/Utility/MakeFloat4.uasset" 993
"../../../Engine/Content/Functions/Engine_MaterialFunctions02/Utility/MakeFloat4.uexp" 994
"../../../Engine/Content/Functions/Engine_MaterialFunctions01/Units/Km-to-Cm.uasset" 995
"../../../Engine/Content/Functions/Engine_MaterialFunctions01/Units/Km-to-Cm.uexp" 996
"../../../Engine/Content/Functions/Engine_MaterialFunctions02/Utility/BreakOutFloat4Components.uasset" 997
"../../../Engine/Content/Functions/Engine_MaterialFunctions02/Utility/BreakOutFloat4Components.uexp" 998
"../../../Engine/Content/EngineSky/VolumetricClouds/T_CloudPattern.ubulk" 999
"../../../Engine/Content/EngineSky/VolumetricClouds/T_CloudPattern.uasset" 1000
"../../../Engine/Content/EngineSky/VolumetricClouds/T_CloudPattern.uexp" 1001
"../../../Engine/Content/EngineSky/VolumetricClouds/VT_PerlinWorley_Balanced.uasset" 1002
"../../../Engine/Content/EngineSky/VolumetricClouds/VT_PerlinWorley_Balanced.uexp" 1003
"../../../Engine/Content/EngineSky/VolumetricClouds/m_SimpleVolumetricCloud.uasset" 1004
"../../../Engine/Content/EngineSky/VolumetricClouds/m_SimpleVolumetricCloud.uexp" 1005
"../../../Engine/Content/EngineSky/VolumetricClouds/m_SimpleVolumetricCloud_Inst.uasset" 1006
"../../../Engine/Content/EngineSky/VolumetricClouds/m_SimpleVolumetricCloud_Inst.uexp" 1007
"../../../Engine/Content/EditorMaterials/Camera/CineMat.uasset" 1008
"../../../Engine/Content/EditorMaterials/Camera/CineMat.uexp" 1009
"../../../Engine/Content/EditorMaterials/Camera/MI_CineMat_Rig.uasset" 1010
"../../../Engine/Content/EditorMaterials/Camera/MI_CineMat_Rig.uexp" 1011
"../../../Engine/Content/EditorMeshes/Camera/SM_RailRig_Track.ubulk" 1012
"../../../Engine/Content/EditorMeshes/Camera/SM_RailRig_Track.uasset" 1013
"../../../Engine/Content/EditorMeshes/Camera/SM_RailRig_Track.uexp" 1014
"../../../Engine/Content/EditorMeshes/Camera/SM_RailRig_Mount.ubulk" 1015
"../../../Engine/Content/EditorMeshes/Camera/SM_RailRig_Mount.uasset" 1016
"../../../Engine/Content/EditorMeshes/Camera/SM_RailRig_Mount.uexp" 1017
"../../../Engine/Content/EditorMeshes/Camera/SM_CraneRig_Mount.ubulk" 1018
"../../../Engine/Content/EditorMeshes/Camera/SM_CraneRig_Mount.uasset" 1019
"../../../Engine/Content/EditorMeshes/Camera/SM_CraneRig_Mount.uexp" 1020
"../../../Engine/Content/EditorMeshes/Camera/SM_CraneRig_Body.ubulk" 1021
"../../../Engine/Content/EditorMeshes/Camera/SM_CraneRig_Body.uasset" 1022
"../../../Engine/Content/EditorMeshes/Camera/SM_CraneRig_Body.uexp" 1023
"../../../Engine/Content/EditorMeshes/Camera/SM_CraneRig_Base.ubulk" 1024
"../../../Engine/Content/EditorMeshes/Camera/SM_CraneRig_Base.uasset" 1025
"../../../Engine/Content/EditorMeshes/Camera/SM_CraneRig_Base.uexp" 1026
"../../../Engine/Content/EditorMeshes/Camera/SM_CraneRig_Arm.ubulk" 1027
"../../../Engine/Content/EditorMeshes/Camera/SM_CraneRig_Arm.uasset" 1028
"../../../Engine/Content/EditorMeshes/Camera/SM_CraneRig_Arm.uexp" 1029
"../../../Engine/Content/EditorMaterials/Dataflow/DataflowVertexMaterial.uasset" 1030
"../../../Engine/Content/EditorMaterials/Dataflow/DataflowVertexMaterial.uexp" 1031
"../../../Engine/Content/EditorMaterials/Dataflow/DataflowTwoSidedVertexMaterial.uasset" 1032
"../../../Engine/Content/EditorMaterials/Dataflow/DataflowTwoSidedVertexMaterial.uexp" 1033
"../../../Engine/Content/Functions/Engine_MaterialFunctions01/Shading/PowerToRoughness.uasset" 1034
"../../../Engine/Content/Functions/Engine_MaterialFunctions01/Shading/PowerToRoughness.uexp" 1035
"../../../Engine/Content/Functions/Engine_MaterialFunctions01/Shading/ConvertFromDiffSpec.uasset" 1036
"../../../Engine/Content/Functions/Engine_MaterialFunctions01/Shading/ConvertFromDiffSpec.uexp" 1037
"../../../Engine/Content/EngineMaterials/Substrate/Volume/SubstrateSimpleVolumeLUT3D.uasset" 1038
"../../../Engine/Content/EngineMaterials/Substrate/Volume/SubstrateSimpleVolumeLUT3D.uexp" 1039
"../../../Engine/Content/EngineMaterials/Substrate/Volume/SubstrateSimpleVolumeEnvLUT3D.uasset" 1040
"../../../Engine/Content/EngineMaterials/Substrate/Volume/SubstrateSimpleVolumeEnvLUT3D.uexp" 1041
"../../../Engine/Content/EditorResources/S_Terrain.ubulk" 1042
"../../../Engine/Content/EditorResources/S_Terrain.uasset" 1043
"../../../Engine/Content/EditorResources/S_Terrain.uexp" 1044
"../../../Engine/Content/Functions/Engine_MaterialFunctions02/WorldPositionOffset/V2/ObjectScale.uasset" 1045
"../../../Engine/Content/Functions/Engine_MaterialFunctions02/WorldPositionOffset/V2/ObjectScale.uexp" 1046
"../../../Engine/Content/Functions/Engine_MaterialFunctions02/WorldPositionOffset/ComponentPivotLocation.uasset" 1047
"../../../Engine/Content/Functions/Engine_MaterialFunctions02/WorldPositionOffset/ComponentPivotLocation.uexp" 1048
"../../../Engine/Content/Functions/Engine_MaterialFunctions02/WorldPositionOffset/Sprite.uasset" 1049
"../../../Engine/Content/Functions/Engine_MaterialFunctions02/WorldPositionOffset/Sprite.uexp" 1050
"../../../Engine/Plugins/Experimental/Landmass/Content/Landscape/BlueprintBrushes/Materials/Sprite/M_BrushSprite_01.uasset" 1051
"../../../Engine/Plugins/Experimental/Landmass/Content/Landscape/BlueprintBrushes/Materials/Sprite/M_BrushSprite_01.uexp" 1052
"../../../Engine/Plugins/Experimental/Landmass/Content/Landscape/BlueprintBrushes/MPC/MPC_Landscape.uasset" 1053
"../../../Engine/Plugins/Experimental/Landmass/Content/Landscape/BlueprintBrushes/MPC/MPC_Landscape.uexp" 1054
"../../../Engine/Plugins/Experimental/Landmass/Content/Landscape/BlueprintBrushes/MF/LandmassBrush_UVs.uasset" 1055
"../../../Engine/Plugins/Experimental/Landmass/Content/Landscape/BlueprintBrushes/MF/LandmassBrush_UVs.uexp" 1056
"../../../Engine/Plugins/Experimental/Landmass/Content/Landscape/BlueprintBrushes/MF/LandmassBrush_EdgeFalloff.uasset" 1057
"../../../Engine/Plugins/Experimental/Landmass/Content/Landscape/BlueprintBrushes/MF/LandmassBrush_EdgeFalloff.uexp" 1058
"../../../Engine/Content/EngineMaterials/BlendFunc_DefBlend.uasset" 1059
"../../../Engine/Content/EngineMaterials/BlendFunc_DefBlend.uexp" 1060
"../../../Engine/Plugins/Experimental/Landmass/Content/Landscape/BlueprintBrushes/MF/PointSampleLandscapeUVs.uasset" 1061
"../../../Engine/Plugins/Experimental/Landmass/Content/Landscape/BlueprintBrushes/MF/PointSampleLandscapeUVs.uexp" 1062
"../../../Engine/Content/EngineMaterials/BlendFunc_DefBase.uasset" 1063
"../../../Engine/Content/EngineMaterials/BlendFunc_DefBase.uexp" 1064
"../../../Engine/Content/Functions/Engine_MaterialFunctions03/Blends/Blend_Screen.uasset" 1065
"../../../Engine/Content/Functions/Engine_MaterialFunctions03/Blends/Blend_Screen.uexp" 1066
"../../../Engine/Content/Functions/Engine_MaterialFunctions03/Procedurals/ComputeFilterWidth.uasset" 1067
"../../../Engine/Content/Functions/Engine_MaterialFunctions03/Procedurals/ComputeFilterWidth.uexp" 1068
"../../../Engine/Content/EditorMaterials/TilingAALineIntegral.uasset" 1069
"../../../Engine/Content/EditorMaterials/TilingAALineIntegral.uexp" 1070
"../../../Engine/Content/EditorMaterials/TilingAALineBoxFiltered.uasset" 1071
"../../../Engine/Content/EditorMaterials/TilingAALineBoxFiltered.uexp" 1072
"../../../Engine/Content/EditorMaterials/TilingAAGrid.uasset" 1073
"../../../Engine/Content/EditorMaterials/TilingAAGrid.uexp" 1074
"../../../Engine/Plugins/Experimental/Landmass/Content/Landscape/OldPrototype_BP/Mats/MF/UnpackRG8Height.uasset" 1075
"../../../Engine/Plugins/Experimental/Landmass/Content/Landscape/OldPrototype_BP/Mats/MF/UnpackRG8Height.uexp" 1076
"../../../Engine/Plugins/Experimental/Landmass/Content/Landscape/BlueprintBrushes/MF/Landmass_BrushTilt.uasset" 1077
"../../../Engine/Plugins/Experimental/Landmass/Content/Landscape/BlueprintBrushes/MF/Landmass_BrushTilt.uexp" 1078
"../../../Engine/Content/ArtTools/RenderToTexture/Textures/T_EV_BlankWhite_01.uasset" 1079
"../../../Engine/Content/ArtTools/RenderToTexture/Textures/T_EV_BlankWhite_01.uexp" 1080
"../../../Engine/Content/Functions/Engine_MaterialFunctions01/ImageAdjustment/SCurve.uasset" 1081
"../../../Engine/Content/Functions/Engine_MaterialFunctions01/ImageAdjustment/SCurve.uexp" 1082
"../../../Engine/Content/EngineResources/Black_Low.uasset" 1083
"../../../Engine/Content/EngineResources/Black_Low.uexp" 1084
"../../../Engine/Plugins/Experimental/Landmass/Content/Landscape/BlueprintBrushes/MF/LandmassBrush_Noise.uasset" 1085
"../../../Engine/Plugins/Experimental/Landmass/Content/Landscape/BlueprintBrushes/MF/LandmassBrush_Noise.uexp" 1086
"../../../Engine/Plugins/Experimental/Landmass/Content/Landscape/BlueprintBrushes/Materials/BrushMaterials/BasicFunctions/LandmassBrush_ShapeMask.uasset" 1087
"../../../Engine/Plugins/Experimental/Landmass/Content/Landscape/BlueprintBrushes/Materials/BrushMaterials/BasicFunctions/LandmassBrush_ShapeMask.uexp" 1088
"../../../Engine/Plugins/Experimental/Landmass/Content/Landscape/BlueprintBrushes/Materials/Internal/BrushBounds.uasset" 1089
"../../../Engine/Plugins/Experimental/Landmass/Content/Landscape/BlueprintBrushes/Materials/Internal/BrushBounds.uexp" 1090
"../../../Engine/Content/EngineMaterials/Substrate/GLints2/AGlintTex2dArray2.uasset" 1091
"../../../Engine/Content/EngineMaterials/Substrate/GLints2/AGlintTex2dArray2.uexp" 1092
"../../../Engine/Content/EngineMaterials/Substrate/GLints/AGlintTex2dArray.uasset" 1093
"../../../Engine/Content/EngineMaterials/Substrate/GLints/AGlintTex2dArray.uexp" 1094
"../../../Engine/Content/ArtTools/RenderToTexture/Meshes/S_1_Unit_Plane.ubulk" 1095
"../../../Engine/Content/ArtTools/RenderToTexture/Meshes/S_1_Unit_Plane.uasset" 1096
"../../../Engine/Content/ArtTools/RenderToTexture/Meshes/S_1_Unit_Plane.uexp" 1097
"../../../Engine/Plugins/NNE/NNEDenoiser/Content/NNE_oidn2-3-0_rt_hdr_calb_cnrm_large__dyn__fp16_opset11_ForwardAlpha.uasset" 1098
"../../../Engine/Plugins/NNE/NNEDenoiser/Content/NNE_oidn2-3-0_rt_hdr_calb_cnrm_large__dyn__fp16_opset11_ForwardAlpha.uexp" 1099
"../../../Engine/Plugins/NNE/NNEDenoiser/Content/NNE_oidn2-3-0_rt_hdr_calb_cnrm_large__dyn__fp16_opset11_DenoiseAlpha.uasset" 1100
"../../../Engine/Plugins/NNE/NNEDenoiser/Content/NNE_oidn2-3-0_rt_hdr_calb_cnrm_large__dyn__fp16_opset11_DenoiseAlpha.uexp" 1101
"../../../Engine/Plugins/NNE/NNEDenoiser/Content/NNE_oidn2-3-0_rt_hdr_alb_nrm__dyn__fp16_opset11_ForwardAlpha.uasset" 1102
"../../../Engine/Plugins/NNE/NNEDenoiser/Content/NNE_oidn2-3-0_rt_hdr_alb_nrm__dyn__fp16_opset11_ForwardAlpha.uexp" 1103
"../../../Engine/Plugins/NNE/NNEDenoiser/Content/NNE_oidn2-3-0_rt_hdr_alb_nrm__dyn__fp16_opset11_DenoiseAlpha.uasset" 1104
"../../../Engine/Plugins/NNE/NNEDenoiser/Content/NNE_oidn2-3-0_rt_hdr_alb_nrm__dyn__fp16_opset11_DenoiseAlpha.uexp" 1105
"../../../Engine/Plugins/NNE/NNEDenoiser/Content/NNE_oidn2-3-0_rt_hdr_alb_nrm_small__dyn__fp16_opset11_ForwardAlpha.uasset" 1106
"../../../Engine/Plugins/NNE/NNEDenoiser/Content/NNE_oidn2-3-0_rt_hdr_alb_nrm_small__dyn__fp16_opset11_ForwardAlpha.uexp" 1107
"../../../Engine/Plugins/NNE/NNEDenoiser/Content/NNE_oidn2-3-0_rt_hdr_alb_nrm_small__dyn__fp16_opset11_DenoiseAlpha.uasset" 1108
"../../../Engine/Plugins/NNE/NNEDenoiser/Content/NNE_oidn2-3-0_rt_hdr_alb_nrm_small__dyn__fp16_opset11_DenoiseAlpha.uexp" 1109
"../../../Engine/Plugins/NNE/NNEDenoiser/Content/NNED_Oidn2-3_HighQuality_Alpha.uasset" 1110
"../../../Engine/Plugins/NNE/NNEDenoiser/Content/NNED_Oidn2-3_HighQuality_Alpha.uexp" 1111
"../../../Engine/Plugins/NNE/NNEDenoiser/Content/NNED_Oidn2-3_HighQuality.uasset" 1112
"../../../Engine/Plugins/NNE/NNEDenoiser/Content/NNED_Oidn2-3_HighQuality.uexp" 1113
"../../../Engine/Plugins/NNE/NNEDenoiser/Content/NNED_Oidn2-3_Fast_Alpha.uasset" 1114
"../../../Engine/Plugins/NNE/NNEDenoiser/Content/NNED_Oidn2-3_Fast_Alpha.uexp" 1115
"../../../Engine/Plugins/NNE/NNEDenoiser/Content/NNED_Oidn2-3_Fast.uasset" 1116
"../../../Engine/Plugins/NNE/NNEDenoiser/Content/NNED_Oidn2-3_Fast.uexp" 1117
"../../../Engine/Plugins/NNE/NNEDenoiser/Content/NNED_Oidn2-3_Balanced_Alpha.uasset" 1118
"../../../Engine/Plugins/NNE/NNEDenoiser/Content/NNED_Oidn2-3_Balanced_Alpha.uexp" 1119
"../../../Engine/Plugins/NNE/NNEDenoiser/Content/NNED_Oidn2-3_Balanced.uasset" 1120
"../../../Engine/Plugins/NNE/NNEDenoiser/Content/NNED_Oidn2-3_Balanced.uexp" 1121
"../../../Engine/Plugins/NNE/NNEDenoiser/Content/NNEDT_Oidn2-3_Balanced_Alpha.uasset" 1122
"../../../Engine/Plugins/NNE/NNEDenoiser/Content/NNEDT_Oidn2-3_Balanced_Alpha.uexp" 1123
"../../../Engine/Plugins/NNE/NNEDenoiser/Content/NNEDT_Oidn2-3_Balanced.uasset" 1124
"../../../Engine/Plugins/NNE/NNEDenoiser/Content/NNEDT_Oidn2-3_Balanced.uexp" 1125
"../../../Engine/Plugins/Animation/DeformerGraph/Content/Deformers/DG_LinearBlendSkin_Morph_Cloth_RecomputeNormals.uasset" 1126
"../../../Engine/Plugins/Animation/DeformerGraph/Content/Deformers/DG_LinearBlendSkin_Morph_Cloth_RecomputeNormals.uexp" 1127
"../../../Engine/Plugins/Animation/DeformerGraph/Content/Deformers/DG_LinearBlendSkin_Morph_Cloth.uasset" 1128
"../../../Engine/Plugins/Animation/DeformerGraph/Content/Deformers/DG_LinearBlendSkin_Morph_Cloth.uexp" 1129
"../../../Engine/Plugins/Animation/DeformerGraph/Content/DeformerFunctions/DG_Function_LinearBlendSkin_Morph_Cloth_PositionOnly.uasset" 1130
"../../../Engine/Plugins/Animation/DeformerGraph/Content/DeformerFunctions/DG_Function_LinearBlendSkin_Morph_Cloth_PositionOnly.uexp" 1131
"../../../Engine/Plugins/Animation/DeformerGraph/Content/DeformerFunctions/DG_Function_LinearBlendSkin_Morph_Cloth.uasset" 1132
"../../../Engine/Plugins/Animation/DeformerGraph/Content/DeformerFunctions/DG_Function_LinearBlendSkin_Morph_Cloth.uexp" 1133
"../../../Engine/Plugins/Animation/DeformerGraph/Content/DeformerFunctions/DG_Function_ComputeNormalsTangents.uasset" 1134
"../../../Engine/Plugins/Animation/DeformerGraph/Content/DeformerFunctions/DG_Function_ComputeNormalsTangents.uexp" 1135
"../../../Engine/Content/VREditor/TransformGizmo/StartRotationHandleIndicator.ubulk" 1136
"../../../Engine/Content/VREditor/TransformGizmo/StartRotationHandleIndicator.uasset" 1137
"../../../Engine/Content/VREditor/TransformGizmo/StartRotationHandleIndicator.uexp" 1138
"../../../Engine/Content/VREditor/Sounds/UI/Drop_Item_From_ContentBrowser.ubulk" 1139
"../../../Engine/Content/VREditor/Sounds/UI/Drop_Item_From_ContentBrowser.uasset" 1140
"../../../Engine/Content/VREditor/Sounds/UI/Drop_Item_From_ContentBrowser.uexp" 1141
"../../../Engine/Content/VREditor/TransformGizmo/PlaneTranslationHandle.ubulk" 1142
"../../../Engine/Content/VREditor/TransformGizmo/PlaneTranslationHandle.uasset" 1143
"../../../Engine/Content/VREditor/TransformGizmo/PlaneTranslationHandle.uexp" 1144
"../../../Engine/Content/VREditor/Sounds/UI/Object_Snaps_To_Grid.ubulk" 1145
"../../../Engine/Content/VREditor/Sounds/UI/Object_Snaps_To_Grid.uasset" 1146
"../../../Engine/Content/VREditor/Sounds/UI/Object_Snaps_To_Grid.uexp" 1147
"../../../Engine/Content/VREditor/Sounds/UI/Selection_Changes.ubulk" 1148
"../../../Engine/Content/VREditor/Sounds/UI/Selection_Changes.uasset" 1149
"../../../Engine/Content/VREditor/Sounds/UI/Selection_Changes.uexp" 1150
"../../../Engine/Content/VREditor/Sounds/UI/Object_Snaps_To_Another_Actor.ubulk" 1151
"../../../Engine/Content/VREditor/Sounds/UI/Object_Snaps_To_Another_Actor.uasset" 1152
"../../../Engine/Content/VREditor/Sounds/UI/Object_Snaps_To_Another_Actor.uexp" 1153
"../../../Engine/Content/VREditor/TransformGizmo/TranslucentTransformGizmoMaterial_Inst.uasset" 1154
"../../../Engine/Content/VREditor/TransformGizmo/TranslucentTransformGizmoMaterial_Inst.uexp" 1155
"../../../Engine/Content/VREditor/TransformGizmo/TransformGizmoFreeRotation.ubulk" 1156
"../../../Engine/Content/VREditor/TransformGizmo/TransformGizmoFreeRotation.uasset" 1157
"../../../Engine/Content/VREditor/TransformGizmo/TransformGizmoFreeRotation.uexp" 1158
"../../../Engine/Content/VREditor/Sounds/UI/Scaling_Down.ubulk" 1159
"../../../Engine/Content/VREditor/Sounds/UI/Scaling_Down.uasset" 1160
"../../../Engine/Content/VREditor/Sounds/UI/Scaling_Down.uexp" 1161
"../../../Engine/Content/Functions/Engine_MaterialFunctions02/SplitComponents.uasset" 1162
"../../../Engine/Content/Functions/Engine_MaterialFunctions02/SplitComponents.uexp" 1163
"../../../Engine/Content/VREditor/SnapGrid/SnapGridMaterial.uasset" 1164
"../../../Engine/Content/VREditor/SnapGrid/SnapGridMaterial.uexp" 1165
"../../../Engine/Content/VREditor/SnapGrid/SnapGridPlaneMesh.ubulk" 1166
"../../../Engine/Content/VREditor/SnapGrid/SnapGridPlaneMesh.uasset" 1167
"../../../Engine/Content/VREditor/SnapGrid/SnapGridPlaneMesh.uexp" 1168
"../../../Engine/Content/VREditor/Sounds/UI/Scaling_Up.ubulk" 1169
"../../../Engine/Content/VREditor/Sounds/UI/Scaling_Up.uasset" 1170
"../../../Engine/Content/VREditor/Sounds/UI/Scaling_Up.uexp" 1171
"../../../Engine/Content/VREditor/TransformGizmo/TransformGizmoMaterial_Inst.uasset" 1172
"../../../Engine/Content/VREditor/TransformGizmo/TransformGizmoMaterial_Inst.uexp" 1173
"../../../Engine/Content/VREditor/Sounds/UI/Gizmo_Handle_Clicked.ubulk" 1174
"../../../Engine/Content/VREditor/Sounds/UI/Gizmo_Handle_Clicked.uasset" 1175
"../../../Engine/Content/VREditor/Sounds/UI/Gizmo_Handle_Clicked.uexp" 1176
"../../../Engine/Content/VREditor/TransformGizmo/RotationHandleQuarter.ubulk" 1177
"../../../Engine/Content/VREditor/TransformGizmo/RotationHandleQuarter.uasset" 1178
"../../../Engine/Content/VREditor/TransformGizmo/RotationHandleQuarter.uexp" 1179
"../../../Engine/Content/VREditor/TransformGizmo/TranslateArrowHandle.ubulk" 1180
"../../../Engine/Content/VREditor/TransformGizmo/TranslateArrowHandle.uasset" 1181
"../../../Engine/Content/VREditor/TransformGizmo/TranslateArrowHandle.uexp" 1182
"../../../Engine/Content/VREditor/TransformGizmo/RotationHandleIndicator.ubulk" 1183
"../../../Engine/Content/VREditor/TransformGizmo/RotationHandleIndicator.uasset" 1184
"../../../Engine/Content/VREditor/TransformGizmo/RotationHandleIndicator.uexp" 1185
"../../../Engine/Content/VREditor/TransformGizmo/UniformScaleHandle.ubulk" 1186
"../../../Engine/Content/VREditor/TransformGizmo/UniformScaleHandle.uasset" 1187
"../../../Engine/Content/VREditor/TransformGizmo/UniformScaleHandle.uexp" 1188
"../../../Engine/Content/VREditor/TransformGizmo/RotationHandleFull.ubulk" 1189
"../../../Engine/Content/VREditor/TransformGizmo/RotationHandleFull.uasset" 1190
"../../../Engine/Content/VREditor/TransformGizmo/RotationHandleFull.uexp" 1191
"../../../Engine/Content/VREditor/Sounds/UI/Object_PickUp.ubulk" 1192
"../../../Engine/Content/VREditor/Sounds/UI/Object_PickUp.uasset" 1193
"../../../Engine/Content/VREditor/Sounds/UI/Object_PickUp.uexp" 1194
"../../../Engine/Content/EngineResources/LandscapeVisibilityLayerInfo.uasset" 1195
"../../../Engine/Content/EngineResources/LandscapeVisibilityLayerInfo.uexp" 1196
"C:/Users/student/Desktop/BozkurtIlker/Unreal Engine/BozkurtIlkerFv1/Content/UI/StartUI1.ubulk" 1197
"C:/Users/student/Desktop/BozkurtIlker/Unreal Engine/BozkurtIlkerFv1/Content/UI/StartUI1.uasset" 1198
"C:/Users/student/Desktop/BozkurtIlker/Unreal Engine/BozkurtIlkerFv1/Content/UI/StartUI1.uexp" 1199
"C:/Users/student/Desktop/BozkurtIlker/Unreal Engine/BozkurtIlkerFv1/Content/UI/MainMenu.uasset" 1200
"C:/Users/student/Desktop/BozkurtIlker/Unreal Engine/BozkurtIlkerFv1/Content/UI/MainMenu.uexp" 1201
"C:/Users/student/Desktop/BozkurtIlker/Unreal Engine/BozkurtIlkerFv1/Content/mainmenumap.uexp" 1202
"C:/Users/student/Desktop/BozkurtIlker/Unreal Engine/BozkurtIlkerFv1/Content/mainmenumap.umap" 1203
"../../../Engine/Content/BasicShapes/Cube.ubulk" 1204
"../../../Engine/Content/BasicShapes/Cube.uasset" 1205
"../../../Engine/Content/BasicShapes/Cube.uexp" 1206
"../../../Engine/Content/Functions/Engine_MaterialFunctions01/Gradient/LinearGradient.uasset" 1207
"../../../Engine/Content/Functions/Engine_MaterialFunctions01/Gradient/LinearGradient.uexp" 1208
"../../../Engine/Content/Functions/Engine_MaterialFunctions01/ImageAdjustment/CheapContrast.uasset" 1209
"../../../Engine/Content/Functions/Engine_MaterialFunctions01/ImageAdjustment/CheapContrast.uexp" 1210
"../../../Engine/Content/Functions/Engine_MaterialFunctions02/Texturing/HeightLerp.uasset" 1211
"../../../Engine/Content/Functions/Engine_MaterialFunctions02/Texturing/HeightLerp.uexp" 1212
"../../../Engine/Content/Functions/Engine_MaterialFunctions03/Procedurals/NormalFromHeightmap.uasset" 1213
"../../../Engine/Content/Functions/Engine_MaterialFunctions03/Procedurals/NormalFromHeightmap.uexp" 1214
"../../../Engine/Plugins/Experimental/Water/Content/Materials/MPC/MPC_Water.uasset" 1215
"../../../Engine/Plugins/Experimental/Water/Content/Materials/MPC/MPC_Water.uexp" 1216
"../../../Engine/Content/Functions/Engine_MaterialFunctions01/Gradient/BoxMask-2D.uasset" 1217
"../../../Engine/Content/Functions/Engine_MaterialFunctions01/Gradient/BoxMask-2D.uexp" 1218
"../../../Engine/Plugins/Experimental/Water/Content/FluidSimulation/WaveFoam/FoamRT.uasset" 1219
"../../../Engine/Plugins/Experimental/Water/Content/FluidSimulation/WaveFoam/FoamRT.uexp" 1220
"../../../Engine/Plugins/Experimental/Water/Content/Textures/Foam/T_WaterFlow_01_Foam_Tiled.ubulk" 1221
"../../../Engine/Plugins/Experimental/Water/Content/Textures/Foam/T_WaterFlow_01_Foam_Tiled.uasset" 1222
"../../../Engine/Plugins/Experimental/Water/Content/Textures/Foam/T_WaterFlow_01_Foam_Tiled.uexp" 1223
"../../../Engine/Plugins/Experimental/Water/Content/Materials/Functions/WaterZoneData.uasset" 1224
"../../../Engine/Plugins/Experimental/Water/Content/Materials/Functions/WaterZoneData.uexp" 1225
"../../../Engine/Plugins/Experimental/Water/Content/Textures/BlackTexture2DArray.uasset" 1226
"../../../Engine/Plugins/Experimental/Water/Content/Textures/BlackTexture2DArray.uexp" 1227
"../../../Engine/Plugins/Experimental/Water/Content/Materials/Functions/HighQualityTextureFiltering.uasset" 1228
"../../../Engine/Plugins/Experimental/Water/Content/Materials/Functions/HighQualityTextureFiltering.uexp" 1229
"../../../Engine/Plugins/Experimental/Water/Content/Materials/Functions/WaterBodyData.uasset" 1230
"../../../Engine/Plugins/Experimental/Water/Content/Materials/Functions/WaterBodyData.uexp" 1231
"../../../Engine/Plugins/Experimental/Water/Content/Textures/Foam/T_WaterFlow_01_Foam_Tiled_N.ubulk" 1232
"../../../Engine/Plugins/Experimental/Water/Content/Textures/Foam/T_WaterFlow_01_Foam_Tiled_N.uasset" 1233
"../../../Engine/Plugins/Experimental/Water/Content/Textures/Foam/T_WaterFlow_01_Foam_Tiled_N.uexp" 1234
"../../../Engine/Content/EngineSky/VolumetricClouds/T_VolumeNoiseShape128.uasset" 1235
"../../../Engine/Content/EngineSky/VolumetricClouds/T_VolumeNoiseShape128.uexp" 1236
"../../../Engine/Plugins/Experimental/Water/Content/Materials/Layers/BeachFoam.uasset" 1237
"../../../Engine/Plugins/Experimental/Water/Content/Materials/Layers/BeachFoam.uexp" 1238
"../../../Engine/Plugins/Experimental/Water/Content/Materials/Functions/WaterOpacityMaskFromDepth.uasset" 1239
"../../../Engine/Plugins/Experimental/Water/Content/Materials/Functions/WaterOpacityMaskFromDepth.uexp" 1240
"../../../Engine/Content/Functions/Engine_MaterialFunctions02/ExampleContent/Textures/LowResBlurredNoise.uasset" 1241
"../../../Engine/Content/Functions/Engine_MaterialFunctions02/ExampleContent/Textures/LowResBlurredNoise.uexp" 1242
"../../../Engine/Plugins/Experimental/Water/Content/Textures/Flowmaps/RiverFlowmap_Diffuse.ubulk" 1243
"../../../Engine/Plugins/Experimental/Water/Content/Textures/Flowmaps/RiverFlowmap_Diffuse.uasset" 1244
"../../../Engine/Plugins/Experimental/Water/Content/Textures/Flowmaps/RiverFlowmap_Diffuse.uexp" 1245
"../../../Engine/Content/Functions/Engine_MaterialFunctions01/Coordinates/WorldPosition-XY.uasset" 1246
"../../../Engine/Content/Functions/Engine_MaterialFunctions01/Coordinates/WorldPosition-XY.uexp" 1247
"../../../Engine/Plugins/Experimental/Water/Content/Textures/Flowmaps/RiverFlowmap_Normal.ubulk" 1248
"../../../Engine/Plugins/Experimental/Water/Content/Textures/Flowmaps/RiverFlowmap_Normal.uasset" 1249
"../../../Engine/Plugins/Experimental/Water/Content/Textures/Flowmaps/RiverFlowmap_Normal.uexp" 1250
"../../../Engine/Content/Functions/Engine_MaterialFunctions02/Utility/BlendAngleCorrectedNormals.uasset" 1251
"../../../Engine/Content/Functions/Engine_MaterialFunctions02/Utility/BlendAngleCorrectedNormals.uexp" 1252
"../../../Engine/Content/Functions/Engine_MaterialFunctions02/Math/MakeVectorsOrthogonal.uasset" 1253
"../../../Engine/Content/Functions/Engine_MaterialFunctions02/Math/MakeVectorsOrthogonal.uexp" 1254
"../../../Engine/Content/Functions/Engine_MaterialFunctions01/Texturing/ComputeMipLevel.uasset" 1255
"../../../Engine/Content/Functions/Engine_MaterialFunctions01/Texturing/ComputeMipLevel.uexp" 1256
"../../../Engine/Content/EngineMaterials/DefaultNormal.ubulk" 1257
"../../../Engine/Content/EngineMaterials/DefaultNormal.uasset" 1258
"../../../Engine/Content/EngineMaterials/DefaultNormal.uexp" 1259
"../../../Engine/Content/Functions/Engine_MaterialFunctions02/Math/TimeWithSpeedVariable.uasset" 1260
"../../../Engine/Content/Functions/Engine_MaterialFunctions02/Math/TimeWithSpeedVariable.uexp" 1261
"../../../Engine/Content/Functions/Engine_MaterialFunctions02/Utility/LinearSine.uasset" 1262
"../../../Engine/Content/Functions/Engine_MaterialFunctions02/Utility/LinearSine.uexp" 1263
"../../../Engine/Content/Functions/Engine_MaterialFunctions02/Texturing/Flowmaps.uasset" 1264
"../../../Engine/Content/Functions/Engine_MaterialFunctions02/Texturing/Flowmaps.uexp" 1265
"../../../Engine/Plugins/Experimental/Water/Content/Materials/Functions/WaterRiverFlowmaps.uasset" 1266
"../../../Engine/Plugins/Experimental/Water/Content/Materials/Functions/WaterRiverFlowmaps.uexp" 1267
"../../../Engine/Plugins/Experimental/Water/Content/Materials/Layers/WaterAttributes.uasset" 1268
"../../../Engine/Plugins/Experimental/Water/Content/Materials/Layers/WaterAttributes.uexp" 1269
"../../../Engine/Plugins/Experimental/Water/Content/Materials/Functions/ClipDynamicBounds.uasset" 1270
"../../../Engine/Plugins/Experimental/Water/Content/Materials/Functions/ClipDynamicBounds.uexp" 1271
"../../../Engine/Plugins/Experimental/Water/Content/Materials/Functions/Water_Underside.uasset" 1272
"../../../Engine/Plugins/Experimental/Water/Content/Materials/Functions/Water_Underside.uexp" 1273
"../../../Engine/Plugins/Experimental/Water/Content/Materials/Functions/ComputeWavesAttenuationFactor.uasset" 1274
"../../../Engine/Plugins/Experimental/Water/Content/Materials/Functions/ComputeWavesAttenuationFactor.uexp" 1275
"../../../Engine/Plugins/Experimental/Water/Content/Materials/Functions/WaveDepthFalloff_Overrides.uasset" 1276
"../../../Engine/Plugins/Experimental/Water/Content/Materials/Functions/WaveDepthFalloff_Overrides.uexp" 1277
"../../../Engine/Plugins/Experimental/Water/Content/Materials/Functions/ComputeGerstnerWaves.uasset" 1278
"../../../Engine/Plugins/Experimental/Water/Content/Materials/Functions/ComputeGerstnerWaves.uexp" 1279
"../../../Engine/Content/Functions/Engine_MaterialFunctions01/Opacity/AlphaOffset.uasset" 1280
"../../../Engine/Content/Functions/Engine_MaterialFunctions01/Opacity/AlphaOffset.uexp" 1281
"../../../Engine/Plugins/Experimental/Water/Content/FluidSimulation/Materials/Functions/Fluidsim_WorldPosition_to_UV.uasset" 1282
"../../../Engine/Plugins/Experimental/Water/Content/FluidSimulation/Materials/Functions/Fluidsim_WorldPosition_to_UV.uexp" 1283
"../../../Engine/Plugins/Experimental/Water/Content/FluidSimulation/WaveFoam/WaterDistanceField.uasset" 1284
"../../../Engine/Plugins/Experimental/Water/Content/FluidSimulation/WaveFoam/WaterDistanceField.uexp" 1285
"../../../Engine/Plugins/Experimental/Water/Content/Materials/Functions/SampleFluidSimulation.uasset" 1286
"../../../Engine/Plugins/Experimental/Water/Content/Materials/Functions/SampleFluidSimulation.uexp" 1287
"../../../Engine/Plugins/Experimental/Water/Content/Materials/Functions/WaterTextureWaves.uasset" 1288
"../../../Engine/Plugins/Experimental/Water/Content/Materials/Functions/WaterTextureWaves.uexp" 1289
"../../../Engine/Plugins/Experimental/Water/Content/Textures/Normals/T_Water_TilingNormal_With_Height_02_Softened.ubulk" 1290
"../../../Engine/Plugins/Experimental/Water/Content/Textures/Normals/T_Water_TilingNormal_With_Height_02_Softened.uasset" 1291
"../../../Engine/Plugins/Experimental/Water/Content/Textures/Normals/T_Water_TilingNormal_With_Height_02_Softened.uexp" 1292
"../../../Engine/Plugins/Experimental/Water/Content/Materials/Functions/WaterTextureSurface.uasset" 1293
"../../../Engine/Plugins/Experimental/Water/Content/Materials/Functions/WaterTextureSurface.uexp" 1294
"../../../Engine/Plugins/Experimental/Water/Content/Caustics/Materials/Functions/GetDistortionUV.uasset" 1295
"../../../Engine/Plugins/Experimental/Water/Content/Caustics/Materials/Functions/GetDistortionUV.uexp" 1296
"../../../Engine/Plugins/Experimental/Water/Content/Materials/Functions/WorldNormalBehindWater.uasset" 1297
"../../../Engine/Plugins/Experimental/Water/Content/Materials/Functions/WorldNormalBehindWater.uexp" 1298
"../../../Engine/Plugins/Experimental/Water/Content/Materials/Functions/GetWaterTime.uasset" 1299
"../../../Engine/Plugins/Experimental/Water/Content/Materials/Functions/GetWaterTime.uexp" 1300
"../../../Engine/Plugins/Experimental/Water/Content/Materials/Functions/WorldPositionBehindWater.uasset" 1301
"../../../Engine/Plugins/Experimental/Water/Content/Materials/Functions/WorldPositionBehindWater.uexp" 1302
"../../../Engine/Plugins/Experimental/Water/Content/Caustics/Materials/Functions/WaterCaustics_GerstnerWaves.uasset" 1303
"../../../Engine/Plugins/Experimental/Water/Content/Caustics/Materials/Functions/WaterCaustics_GerstnerWaves.uexp" 1304
"../../../Engine/Plugins/Experimental/Water/Content/Materials/Functions/SetWaveAttributes.uasset" 1305
"../../../Engine/Plugins/Experimental/Water/Content/Materials/Functions/SetWaveAttributes.uexp" 1306
"../../../Engine/Plugins/Experimental/Water/Content/Materials/Functions/WaterHeightMappingVS.uasset" 1307
"../../../Engine/Plugins/Experimental/Water/Content/Materials/Functions/WaterHeightMappingVS.uexp" 1308
"../../../Engine/Plugins/Experimental/Water/Content/Materials/Functions/WaveVelocityMask.uasset" 1309
"../../../Engine/Plugins/Experimental/Water/Content/Materials/Functions/WaveVelocityMask.uexp" 1310
"../../../Engine/Plugins/Experimental/Water/Content/Materials/Functions/WaterCoefficientMask.uasset" 1311
"../../../Engine/Plugins/Experimental/Water/Content/Materials/Functions/WaterCoefficientMask.uexp" 1312
"../../../Engine/Plugins/Experimental/Water/Content/Materials/WaterSurface/Water_Material.uasset" 1313
"../../../Engine/Plugins/Experimental/Water/Content/Materials/WaterSurface/Water_Material.uexp" 1314
"../../../Engine/Plugins/Experimental/Water/Content/Materials/WaterSurface/Water_FarMesh.uasset" 1315
"../../../Engine/Plugins/Experimental/Water/Content/Materials/WaterSurface/Water_FarMesh.uexp" 1316
"../../../Engine/Plugins/FX/NiagaraFluids/Content/Materials/Particles/TestParticleMaterial.uasset" 1317
"../../../Engine/Plugins/FX/NiagaraFluids/Content/Materials/Particles/TestParticleMaterial.uexp" 1318
"C:/Users/student/Desktop/BozkurtIlker/Unreal Engine/BozkurtIlkerFv1/Content/Blureprint/BP_MoovingFloor.uasset" 1319
"C:/Users/student/Desktop/BozkurtIlker/Unreal Engine/BozkurtIlkerFv1/Content/Blureprint/BP_MoovingFloor.uexp" 1320
"C:/Users/student/Desktop/BozkurtIlker/Unreal Engine/BozkurtIlkerFv1/Content/Materials/M_Lumen.uasset" 1321
"C:/Users/student/Desktop/BozkurtIlker/Unreal Engine/BozkurtIlkerFv1/Content/Materials/M_Lumen.uexp" 1322
"C:/Users/student/Desktop/BozkurtIlker/Unreal Engine/BozkurtIlkerFv1/Content/StarterContent/Materials/M_Basic_Wall.uasset" 1323
"C:/Users/student/Desktop/BozkurtIlker/Unreal Engine/BozkurtIlkerFv1/Content/StarterContent/Materials/M_Basic_Wall.uexp" 1324
"C:/Users/student/Desktop/BozkurtIlker/Unreal Engine/BozkurtIlkerFv1/Content/StarterContent/Shapes/Shape_Sphere.ubulk" 1325
"C:/Users/student/Desktop/BozkurtIlker/Unreal Engine/BozkurtIlkerFv1/Content/StarterContent/Shapes/Shape_Sphere.uasset" 1326
"C:/Users/student/Desktop/BozkurtIlker/Unreal Engine/BozkurtIlkerFv1/Content/StarterContent/Shapes/Shape_Sphere.uexp" 1327
"C:/Users/student/Desktop/BozkurtIlker/Unreal Engine/BozkurtIlkerFv1/Content/Blureprint/BP_ScoreItem.uasset" 1328
"C:/Users/student/Desktop/BozkurtIlker/Unreal Engine/BozkurtIlkerFv1/Content/Blureprint/BP_ScoreItem.uexp" 1329
"C:/Users/student/Desktop/BozkurtIlker/Unreal Engine/BozkurtIlkerFv1/Content/STF/Pack03-LandscapePro/Environment/Foliage/RocksMedium/T_moss-normal.ubulk" 1330
"C:/Users/student/Desktop/BozkurtIlker/Unreal Engine/BozkurtIlkerFv1/Content/STF/Pack03-LandscapePro/Environment/Foliage/RocksMedium/T_moss-normal.uasset" 1331
"C:/Users/student/Desktop/BozkurtIlker/Unreal Engine/BozkurtIlkerFv1/Content/STF/Pack03-LandscapePro/Environment/Foliage/RocksMedium/T_moss-normal.uexp" 1332
"C:/Users/student/Desktop/BozkurtIlker/Unreal Engine/BozkurtIlkerFv1/Content/STF/Pack03-LandscapePro/Environment/Foliage/RocksMedium/T_moss_roughness_height_ao.ubulk" 1333
"C:/Users/student/Desktop/BozkurtIlker/Unreal Engine/BozkurtIlkerFv1/Content/STF/Pack03-LandscapePro/Environment/Foliage/RocksMedium/T_moss_roughness_height_ao.uasset" 1334
"C:/Users/student/Desktop/BozkurtIlker/Unreal Engine/BozkurtIlkerFv1/Content/STF/Pack03-LandscapePro/Environment/Foliage/RocksMedium/T_moss_roughness_height_ao.uexp" 1335
"../../../Engine/Content/Functions/Engine_MaterialFunctions01/AlphaBlend/WorldAlignedBlend.uasset" 1336
"../../../Engine/Content/Functions/Engine_MaterialFunctions01/AlphaBlend/WorldAlignedBlend.uexp" 1337
"C:/Users/student/Desktop/BozkurtIlker/Unreal Engine/BozkurtIlkerFv1/Content/STF/Pack03-LandscapePro/Environment/Foliage/RocksMedium/T_moss-diffuse.ubulk" 1338
"C:/Users/student/Desktop/BozkurtIlker/Unreal Engine/BozkurtIlkerFv1/Content/STF/Pack03-LandscapePro/Environment/Foliage/RocksMedium/T_moss-diffuse.uasset" 1339
"C:/Users/student/Desktop/BozkurtIlker/Unreal Engine/BozkurtIlkerFv1/Content/STF/Pack03-LandscapePro/Environment/Foliage/RocksMedium/T_moss-diffuse.uexp" 1340
"C:/Users/student/Desktop/BozkurtIlker/Unreal Engine/BozkurtIlkerFv1/Content/STF/Pack03-LandscapePro/Base/MaterialFunctions/MF_moss-overlay-function.uasset" 1341
"C:/Users/student/Desktop/BozkurtIlker/Unreal Engine/BozkurtIlkerFv1/Content/STF/Pack03-LandscapePro/Base/MaterialFunctions/MF_moss-overlay-function.uexp" 1342
"../../../Engine/Content/EngineDebugMaterials/HeatmapGradient.ubulk" 1343
"../../../Engine/Content/EngineDebugMaterials/HeatmapGradient.uasset" 1344
"../../../Engine/Content/EngineDebugMaterials/HeatmapGradient.uexp" 1345
"../../../Engine/Content/Functions/Engine_MaterialFunctions01/ImageAdjustment/CheapContrast_RGB.uasset" 1346
"../../../Engine/Content/Functions/Engine_MaterialFunctions01/ImageAdjustment/CheapContrast_RGB.uexp" 1347
"C:/Users/student/Desktop/BozkurtIlker/Unreal Engine/BozkurtIlkerFv1/Content/STF/Pack03-LandscapePro/Environment/Foliage/RocksLarge/T_cliffrock01_normal.ubulk" 1348
"C:/Users/student/Desktop/BozkurtIlker/Unreal Engine/BozkurtIlkerFv1/Content/STF/Pack03-LandscapePro/Environment/Foliage/RocksLarge/T_cliffrock01_normal.uasset" 1349
"C:/Users/student/Desktop/BozkurtIlker/Unreal Engine/BozkurtIlkerFv1/Content/STF/Pack03-LandscapePro/Environment/Foliage/RocksLarge/T_cliffrock01_normal.uexp" 1350
"../../../Engine/Content/Functions/Engine_MaterialFunctions02/Math/MultiplyAdd.uasset" 1351
"../../../Engine/Content/Functions/Engine_MaterialFunctions02/Math/MultiplyAdd.uexp" 1352
"C:/Users/student/Desktop/BozkurtIlker/Unreal Engine/BozkurtIlkerFv1/Content/STF/Pack03-LandscapePro/Base/MaterialFunctions/MF_normal-strength.uasset" 1353
"C:/Users/student/Desktop/BozkurtIlker/Unreal Engine/BozkurtIlkerFv1/Content/STF/Pack03-LandscapePro/Base/MaterialFunctions/MF_normal-strength.uexp" 1354
"C:/Users/student/Desktop/BozkurtIlker/Unreal Engine/BozkurtIlkerFv1/Content/STF/Pack03-LandscapePro/Environment/Foliage/RocksLarge/T_cliffrock01_moss_diffuse.ubulk" 1355
"C:/Users/student/Desktop/BozkurtIlker/Unreal Engine/BozkurtIlkerFv1/Content/STF/Pack03-LandscapePro/Environment/Foliage/RocksLarge/T_cliffrock01_moss_diffuse.uasset" 1356
"C:/Users/student/Desktop/BozkurtIlker/Unreal Engine/BozkurtIlkerFv1/Content/STF/Pack03-LandscapePro/Environment/Foliage/RocksLarge/T_cliffrock01_moss_diffuse.uexp" 1357
"C:/Users/student/Desktop/BozkurtIlker/Unreal Engine/BozkurtIlkerFv1/Content/STF/Pack03-LandscapePro/Environment/Foliage/RocksLarge/T_cliffrocks_diffuse.ubulk" 1358
"C:/Users/student/Desktop/BozkurtIlker/Unreal Engine/BozkurtIlkerFv1/Content/STF/Pack03-LandscapePro/Environment/Foliage/RocksLarge/T_cliffrocks_diffuse.uasset" 1359
"C:/Users/student/Desktop/BozkurtIlker/Unreal Engine/BozkurtIlkerFv1/Content/STF/Pack03-LandscapePro/Environment/Foliage/RocksLarge/T_cliffrocks_diffuse.uexp" 1360
"C:/Users/student/Desktop/BozkurtIlker/Unreal Engine/BozkurtIlkerFv1/Content/STF/Pack03-LandscapePro/Environment/Foliage/RocksLarge/T_cliffrocks_normal.ubulk" 1361
"C:/Users/student/Desktop/BozkurtIlker/Unreal Engine/BozkurtIlkerFv1/Content/STF/Pack03-LandscapePro/Environment/Foliage/RocksLarge/T_cliffrocks_normal.uasset" 1362
"C:/Users/student/Desktop/BozkurtIlker/Unreal Engine/BozkurtIlkerFv1/Content/STF/Pack03-LandscapePro/Environment/Foliage/RocksLarge/T_cliffrocks_normal.uexp" 1363
"C:/Users/student/Desktop/BozkurtIlker/Unreal Engine/BozkurtIlkerFv1/Content/STF/Pack03-LandscapePro/Base/MaterialFunctions/MF_rgb-scaler.uasset" 1364
"C:/Users/student/Desktop/BozkurtIlker/Unreal Engine/BozkurtIlkerFv1/Content/STF/Pack03-LandscapePro/Base/MaterialFunctions/MF_rgb-scaler.uexp" 1365
"C:/Users/student/Desktop/BozkurtIlker/Unreal Engine/BozkurtIlkerFv1/Content/STF/Pack03-LandscapePro/Base/MaterialFunctions/MF_color-variation.uasset" 1366
"C:/Users/student/Desktop/BozkurtIlker/Unreal Engine/BozkurtIlkerFv1/Content/STF/Pack03-LandscapePro/Base/MaterialFunctions/MF_color-variation.uexp" 1367
"C:/Users/student/Desktop/BozkurtIlker/Unreal Engine/BozkurtIlkerFv1/Content/STF/Pack03-LandscapePro/Environment/Foliage/RocksLarge/T_cliffrock01_moss_normal.ubulk" 1368
"C:/Users/student/Desktop/BozkurtIlker/Unreal Engine/BozkurtIlkerFv1/Content/STF/Pack03-LandscapePro/Environment/Foliage/RocksLarge/T_cliffrock01_moss_normal.uasset" 1369
"C:/Users/student/Desktop/BozkurtIlker/Unreal Engine/BozkurtIlkerFv1/Content/STF/Pack03-LandscapePro/Environment/Foliage/RocksLarge/T_cliffrock01_moss_normal.uexp" 1370
"C:/Users/student/Desktop/BozkurtIlker/Unreal Engine/BozkurtIlkerFv1/Content/STF/Pack03-LandscapePro/Base/MaterialFunctions/MF_cliffRock_MaterialFunction.uasset" 1371
"C:/Users/student/Desktop/BozkurtIlker/Unreal Engine/BozkurtIlkerFv1/Content/STF/Pack03-LandscapePro/Base/MaterialFunctions/MF_cliffRock_MaterialFunction.uexp" 1372
"C:/Users/student/Desktop/BozkurtIlker/Unreal Engine/BozkurtIlkerFv1/Content/STF/Pack03-LandscapePro/Environment/Foliage/RocksLarge/T_cliffrock01_height_AO_Curvature_TGA.ubulk" 1373
"C:/Users/student/Desktop/BozkurtIlker/Unreal Engine/BozkurtIlkerFv1/Content/STF/Pack03-LandscapePro/Environment/Foliage/RocksLarge/T_cliffrock01_height_AO_Curvature_TGA.uasset" 1374
"C:/Users/student/Desktop/BozkurtIlker/Unreal Engine/BozkurtIlkerFv1/Content/STF/Pack03-LandscapePro/Environment/Foliage/RocksLarge/T_cliffrock01_height_AO_Curvature_TGA.uexp" 1375
"C:/Users/student/Desktop/BozkurtIlker/Unreal Engine/BozkurtIlkerFv1/Content/STF/Pack03-LandscapePro/Environment/Foliage/RocksMedium/M_cliffrock01_material.uasset" 1376
"C:/Users/student/Desktop/BozkurtIlker/Unreal Engine/BozkurtIlkerFv1/Content/STF/Pack03-LandscapePro/Environment/Foliage/RocksMedium/M_cliffrock01_material.uexp" 1377
"C:/Users/student/Desktop/BozkurtIlker/Unreal Engine/BozkurtIlkerFv1/Content/STF/Pack03-LandscapePro/Environment/Foliage/RocksMedium/T_medium-rocks_normal.ubulk" 1378
"C:/Users/student/Desktop/BozkurtIlker/Unreal Engine/BozkurtIlkerFv1/Content/STF/Pack03-LandscapePro/Environment/Foliage/RocksMedium/T_medium-rocks_normal.uasset" 1379
"C:/Users/student/Desktop/BozkurtIlker/Unreal Engine/BozkurtIlkerFv1/Content/STF/Pack03-LandscapePro/Environment/Foliage/RocksMedium/T_medium-rocks_normal.uexp" 1380
"C:/Users/student/Desktop/BozkurtIlker/Unreal Engine/BozkurtIlkerFv1/Content/STF/Pack03-LandscapePro/Environment/Foliage/RocksMedium/T_medium-rocks_height_ao_curvaturel_TGA.ubulk" 1381
"C:/Users/student/Desktop/BozkurtIlker/Unreal Engine/BozkurtIlkerFv1/Content/STF/Pack03-LandscapePro/Environment/Foliage/RocksMedium/T_medium-rocks_height_ao_curvaturel_TGA.uasset" 1382
"C:/Users/student/Desktop/BozkurtIlker/Unreal Engine/BozkurtIlkerFv1/Content/STF/Pack03-LandscapePro/Environment/Foliage/RocksMedium/T_medium-rocks_height_ao_curvaturel_TGA.uexp" 1383
"C:/Users/student/Desktop/BozkurtIlker/Unreal Engine/BozkurtIlkerFv1/Content/STF/Pack03-LandscapePro/Environment/Foliage/RocksMedium/MI_cliffrock01_material_Inst.uasset" 1384
"C:/Users/student/Desktop/BozkurtIlker/Unreal Engine/BozkurtIlkerFv1/Content/STF/Pack03-LandscapePro/Environment/Foliage/RocksMedium/MI_cliffrock01_material_Inst.uexp" 1385
"C:/Users/student/Desktop/BozkurtIlker/Unreal Engine/BozkurtIlkerFv1/Content/STF/Pack03-LandscapePro/Environment/Foliage/RocksMedium/SM_rock04_lod000.ubulk" 1386
"C:/Users/student/Desktop/BozkurtIlker/Unreal Engine/BozkurtIlkerFv1/Content/STF/Pack03-LandscapePro/Environment/Foliage/RocksMedium/SM_rock04_lod000.uasset" 1387
"C:/Users/student/Desktop/BozkurtIlker/Unreal Engine/BozkurtIlkerFv1/Content/STF/Pack03-LandscapePro/Environment/Foliage/RocksMedium/SM_rock04_lod000.uexp" 1388
"C:/Users/student/Desktop/BozkurtIlker/Unreal Engine/BozkurtIlkerFv1/Content/STF/Pack03-LandscapePro/Environment/Foliage/RocksMedium/rock04_lod000_FoliageType.uasset" 1389
"C:/Users/student/Desktop/BozkurtIlker/Unreal Engine/BozkurtIlkerFv1/Content/STF/Pack03-LandscapePro/Environment/Foliage/RocksMedium/rock04_lod000_FoliageType.uexp" 1390
"../../../Engine/Content/VREditor/UI/KeyDiskMaterial.uasset" 1391
"../../../Engine/Content/VREditor/UI/KeyDiskMaterial.uexp" 1392
"../../../Engine/Content/VREditor/UI/DiscMaterial.uasset" 1393
"../../../Engine/Content/VREditor/UI/DiscMaterial.uexp" 1394
"C:/Users/student/Desktop/BozkurtIlker/Unreal Engine/BozkurtIlkerFv1/Content/Blureprint/BP_FloorDef.uasset" 1395
"C:/Users/student/Desktop/BozkurtIlker/Unreal Engine/BozkurtIlkerFv1/Content/Blureprint/BP_FloorDef.uexp" 1396
"C:/Users/student/Desktop/BozkurtIlker/Unreal Engine/BozkurtIlkerFv1/Content/StarterContent/Shapes/Shape_Plane.ubulk" 1397
"C:/Users/student/Desktop/BozkurtIlker/Unreal Engine/BozkurtIlkerFv1/Content/StarterContent/Shapes/Shape_Plane.uasset" 1398
"C:/Users/student/Desktop/BozkurtIlker/Unreal Engine/BozkurtIlkerFv1/Content/StarterContent/Shapes/Shape_Plane.uexp" 1399
"../../../Engine/Content/EditorLandscapeResources/MirrorPlaneMaterial.uasset" 1400
"../../../Engine/Content/EditorLandscapeResources/MirrorPlaneMaterial.uexp" 1401
"C:/Users/student/Desktop/BozkurtIlker/Unreal Engine/BozkurtIlkerFv1/Content/Blureprint/BP_Highjump.uasset" 1402
"C:/Users/student/Desktop/BozkurtIlker/Unreal Engine/BozkurtIlkerFv1/Content/Blureprint/BP_Highjump.uexp" 1403
"../../../Engine/Content/EditorMaterials/WorldGridPreviewMaterial.uasset" 1404
"../../../Engine/Content/EditorMaterials/WorldGridPreviewMaterial.uexp" 1405
"C:/Users/student/Desktop/BozkurtIlker/Unreal Engine/BozkurtIlkerFv1/Content/Blureprint/BP_AutoDoor.uasset" 1406
"C:/Users/student/Desktop/BozkurtIlker/Unreal Engine/BozkurtIlkerFv1/Content/Blureprint/BP_AutoDoor.uexp" 1407
"../../../Engine/Plugins/Experimental/Landmass/Content/Landscape/OldPrototype_BP/Textures/LS_Debug_RT_01.uasset" 1408
"../../../Engine/Plugins/Experimental/Landmass/Content/Landscape/OldPrototype_BP/Textures/LS_Debug_RT_01.uexp" 1409
"../../../Engine/Plugins/Experimental/Landmass/Content/Landscape/BlueprintBrushes/MPC/MPC_Erosion.uasset" 1410
"../../../Engine/Plugins/Experimental/Landmass/Content/Landscape/BlueprintBrushes/MPC/MPC_Erosion.uexp" 1411
"../../../Engine/Plugins/Experimental/Landmass/Content/DistanceFields/Materials/DetectEdges.uasset" 1412
"../../../Engine/Plugins/Experimental/Landmass/Content/DistanceFields/Materials/DetectEdges.uexp" 1413
"../../../Engine/Plugins/Experimental/Water/Content/Waves/GerstnerWaves_Lake.uasset" 1414
"../../../Engine/Plugins/Experimental/Water/Content/Waves/GerstnerWaves_Lake.uexp" 1415
"../../../Engine/Content/Functions/Engine_MaterialFunctions02/ExampleContent/Textures/WindTurblenceVectorAndGustMagnitude.uasset" 1416
"../../../Engine/Content/Functions/Engine_MaterialFunctions02/ExampleContent/Textures/WindTurblenceVectorAndGustMagnitude.uexp" 1417
"C:/Users/student/Desktop/BozkurtIlker/Unreal Engine/BozkurtIlkerFv1/Content/STF/Pack03-LandscapePro/Environment/Foliage/DeadTrees/tree01/T_lod00_rgb_XVector_a_XExtentDividedby2048reaches2048_UV_2.uasset" 1418
"C:/Users/student/Desktop/BozkurtIlker/Unreal Engine/BozkurtIlkerFv1/Content/STF/Pack03-LandscapePro/Environment/Foliage/DeadTrees/tree01/T_lod00_rgb_XVector_a_XExtentDividedby2048reaches2048_UV_2.uexp" 1419
"C:/Users/student/Desktop/BozkurtIlker/Unreal Engine/BozkurtIlkerFv1/Content/STF/Pack03-LandscapePro/Environment/Foliage/DeadTrees/tree01/T_lod00_rgb_PivotPos_a_ParentIndexInt_UV_2.uasset" 1420
"C:/Users/student/Desktop/BozkurtIlker/Unreal Engine/BozkurtIlkerFv1/Content/STF/Pack03-LandscapePro/Environment/Foliage/DeadTrees/tree01/T_lod00_rgb_PivotPos_a_ParentIndexInt_UV_2.uexp" 1421
"../../../Engine/Content/Functions/Engine_MaterialFunctions02/PivotPainter2/ms_PivotPainter2_DecodePostion.uasset" 1422
"../../../Engine/Content/Functions/Engine_MaterialFunctions02/PivotPainter2/ms_PivotPainter2_DecodePostion.uexp" 1423
"../../../Engine/Content/Functions/Engine_MaterialFunctions02/PivotPainter2/ms_PivotPainter2_Decode8BitAlphaAxisExtent.uasset" 1424
"../../../Engine/Content/Functions/Engine_MaterialFunctions02/PivotPainter2/ms_PivotPainter2_Decode8BitAlphaAxisExtent.uexp" 1425
"../../../Engine/Content/Functions/Engine_MaterialFunctions02/Lerp_Multiple_Float2.uasset" 1426
"../../../Engine/Content/Functions/Engine_MaterialFunctions02/Lerp_Multiple_Float2.uexp" 1427
"../../../Engine/Content/Functions/Engine_MaterialFunctions02/PivotPainter2/2dArrayLookupByIndex.uasset" 1428
"../../../Engine/Content/Functions/Engine_MaterialFunctions02/PivotPainter2/2dArrayLookupByIndex.uexp" 1429
"../../../Engine/Content/Functions/Engine_MaterialFunctions02/PivotPainter2/ms_PivotPainter2_ReturnParentTextureInfo.uasset" 1430
"../../../Engine/Content/Functions/Engine_MaterialFunctions02/PivotPainter2/ms_PivotPainter2_ReturnParentTextureInfo.uexp" 1431
"../../../Engine/Content/Functions/Engine_MaterialFunctions02/ms_PivotPainter2_UnpackIntegerAsFloat.uasset" 1432
"../../../Engine/Content/Functions/Engine_MaterialFunctions02/ms_PivotPainter2_UnpackIntegerAsFloat.uexp" 1433
"../../../Engine/Content/Functions/Engine_MaterialFunctions02/ExampleContent/PivotPainter2/test2_rgb_PivotPos_a_ParentIndexInt_UV_2.uasset" 1434
"../../../Engine/Content/Functions/Engine_MaterialFunctions02/ExampleContent/PivotPainter2/test2_rgb_PivotPos_a_ParentIndexInt_UV_2.uexp" 1435
"../../../Engine/Content/Functions/Engine_MaterialFunctions02/ExampleContent/PivotPainter2/SimpExPivPos.uasset" 1436
"../../../Engine/Content/Functions/Engine_MaterialFunctions02/ExampleContent/PivotPainter2/SimpExPivPos.uexp" 1437
"../../../Engine/Content/Functions/Engine_MaterialFunctions02/ExampleContent/PivotPainter2/PP2_rgb_XVect_a_XExtent.uasset" 1438
"../../../Engine/Content/Functions/Engine_MaterialFunctions02/ExampleContent/PivotPainter2/PP2_rgb_XVect_a_XExtent.uexp" 1439
"../../../Engine/Content/Functions/Engine_MaterialFunctions02/FixRotateAboutAxisNormals.uasset" 1440
"../../../Engine/Content/Functions/Engine_MaterialFunctions02/FixRotateAboutAxisNormals.uexp" 1441
"../../../Engine/Content/Functions/Engine_MaterialFunctions02/PivotPainter2/ms_PivotPainter2_DecodeAxisVector.uasset" 1442
"../../../Engine/Content/Functions/Engine_MaterialFunctions02/PivotPainter2/ms_PivotPainter2_DecodeAxisVector.uexp" 1443
"../../../Engine/Content/Functions/Engine_MaterialFunctions02/PivotPainter2/PivotPainter2FoliageAnimation.uasset" 1444
"../../../Engine/Content/Functions/Engine_MaterialFunctions02/PivotPainter2/PivotPainter2FoliageAnimation.uexp" 1445
"../../../Engine/Content/Functions/Engine_MaterialFunctions02/PivotPainter2/ms_PivotPainter2_CalculateMeshElementIndex.uasset" 1446
"../../../Engine/Content/Functions/Engine_MaterialFunctions02/PivotPainter2/ms_PivotPainter2_CalculateMeshElementIndex.uexp" 1447
"../../../Engine/Content/Functions/Engine_MaterialFunctions02/PivotPainter2/PivotPainter2FoliageShader.uasset" 1448
"../../../Engine/Content/Functions/Engine_MaterialFunctions02/PivotPainter2/PivotPainter2FoliageShader.uexp" 1449
"C:/Users/student/Desktop/BozkurtIlker/Unreal Engine/BozkurtIlkerFv1/Content/STF/Pack03-LandscapePro/Environment/Foliage/DeadTrees/T_dead_tree_leafs.ubulk" 1450
"C:/Users/student/Desktop/BozkurtIlker/Unreal Engine/BozkurtIlkerFv1/Content/STF/Pack03-LandscapePro/Environment/Foliage/DeadTrees/T_dead_tree_leafs.uasset" 1451
"C:/Users/student/Desktop/BozkurtIlker/Unreal Engine/BozkurtIlkerFv1/Content/STF/Pack03-LandscapePro/Environment/Foliage/DeadTrees/T_dead_tree_leafs.uexp" 1452
"C:/Users/student/Desktop/BozkurtIlker/Unreal Engine/BozkurtIlkerFv1/Content/STF/Pack03-LandscapePro/Environment/Foliage/DeadTrees/T_dead_tree_leafs_normal.ubulk" 1453
"C:/Users/student/Desktop/BozkurtIlker/Unreal Engine/BozkurtIlkerFv1/Content/STF/Pack03-LandscapePro/Environment/Foliage/DeadTrees/T_dead_tree_leafs_normal.uasset" 1454
"C:/Users/student/Desktop/BozkurtIlker/Unreal Engine/BozkurtIlkerFv1/Content/STF/Pack03-LandscapePro/Environment/Foliage/DeadTrees/T_dead_tree_leafs_normal.uexp" 1455
"C:/Users/student/Desktop/BozkurtIlker/Unreal Engine/BozkurtIlkerFv1/Content/STF/Pack03-LandscapePro/Base/MaterialFunctions/MF_Leaves_Generic.uasset" 1456
"C:/Users/student/Desktop/BozkurtIlker/Unreal Engine/BozkurtIlkerFv1/Content/STF/Pack03-LandscapePro/Base/MaterialFunctions/MF_Leaves_Generic.uexp" 1457
"C:/Users/student/Desktop/BozkurtIlker/Unreal Engine/BozkurtIlkerFv1/Content/STF/Pack03-LandscapePro/Environment/Foliage/DeadTrees/M_dead-tree-leafs.uasset" 1458
"C:/Users/student/Desktop/BozkurtIlker/Unreal Engine/BozkurtIlkerFv1/Content/STF/Pack03-LandscapePro/Environment/Foliage/DeadTrees/M_dead-tree-leafs.uexp" 1459
"C:/Users/student/Desktop/BozkurtIlker/Unreal Engine/BozkurtIlkerFv1/Content/STF/Pack03-LandscapePro/Environment/Foliage/DeadTrees/MI_dead-tree-leafs_master_Inst.uasset" 1460
"C:/Users/student/Desktop/BozkurtIlker/Unreal Engine/BozkurtIlkerFv1/Content/STF/Pack03-LandscapePro/Environment/Foliage/DeadTrees/MI_dead-tree-leafs_master_Inst.uexp" 1461
"C:/Users/student/Desktop/BozkurtIlker/Unreal Engine/BozkurtIlkerFv1/Content/STF/Pack03-LandscapePro/Environment/Foliage/DeadTrees/tree01/MI_dead-tree-leafs_master_Inst_lod00.uasset" 1462
"C:/Users/student/Desktop/BozkurtIlker/Unreal Engine/BozkurtIlkerFv1/Content/STF/Pack03-LandscapePro/Environment/Foliage/DeadTrees/tree01/MI_dead-tree-leafs_master_Inst_lod00.uexp" 1463
"C:/Users/student/Desktop/BozkurtIlker/Unreal Engine/BozkurtIlkerFv1/Content/STF/Pack03-LandscapePro/Environment/Foliage/DeadTrees/T_tree_dead_bark_diffuse.ubulk" 1464
"C:/Users/student/Desktop/BozkurtIlker/Unreal Engine/BozkurtIlkerFv1/Content/STF/Pack03-LandscapePro/Environment/Foliage/DeadTrees/T_tree_dead_bark_diffuse.uasset" 1465
"C:/Users/student/Desktop/BozkurtIlker/Unreal Engine/BozkurtIlkerFv1/Content/STF/Pack03-LandscapePro/Environment/Foliage/DeadTrees/T_tree_dead_bark_diffuse.uexp" 1466
"C:/Users/student/Desktop/BozkurtIlker/Unreal Engine/BozkurtIlkerFv1/Content/STF/Pack03-LandscapePro/Environment/Foliage/DeadTrees/T_tree_dead_bark_normal.ubulk" 1467
"C:/Users/student/Desktop/BozkurtIlker/Unreal Engine/BozkurtIlkerFv1/Content/STF/Pack03-LandscapePro/Environment/Foliage/DeadTrees/T_tree_dead_bark_normal.uasset" 1468
"C:/Users/student/Desktop/BozkurtIlker/Unreal Engine/BozkurtIlkerFv1/Content/STF/Pack03-LandscapePro/Environment/Foliage/DeadTrees/T_tree_dead_bark_normal.uexp" 1469
"C:/Users/student/Desktop/BozkurtIlker/Unreal Engine/BozkurtIlkerFv1/Content/STF/Pack03-LandscapePro/Environment/Foliage/DeadTrees/M_tree_dead_bark.uasset" 1470
"C:/Users/student/Desktop/BozkurtIlker/Unreal Engine/BozkurtIlkerFv1/Content/STF/Pack03-LandscapePro/Environment/Foliage/DeadTrees/M_tree_dead_bark.uexp" 1471
"C:/Users/student/Desktop/BozkurtIlker/Unreal Engine/BozkurtIlkerFv1/Content/STF/Pack03-LandscapePro/Environment/Foliage/DeadTrees/MI_tree_dead_bark_master_Inst.uasset" 1472
"C:/Users/student/Desktop/BozkurtIlker/Unreal Engine/BozkurtIlkerFv1/Content/STF/Pack03-LandscapePro/Environment/Foliage/DeadTrees/MI_tree_dead_bark_master_Inst.uexp" 1473
"C:/Users/student/Desktop/BozkurtIlker/Unreal Engine/BozkurtIlkerFv1/Content/STF/Pack03-LandscapePro/Environment/Foliage/DeadTrees/tree01/MI_tree_dead_bark_master_Inst_lod00.uasset" 1474
"C:/Users/student/Desktop/BozkurtIlker/Unreal Engine/BozkurtIlkerFv1/Content/STF/Pack03-LandscapePro/Environment/Foliage/DeadTrees/tree01/MI_tree_dead_bark_master_Inst_lod00.uexp" 1475
"C:/Users/student/Desktop/BozkurtIlker/Unreal Engine/BozkurtIlkerFv1/Content/STF/Pack03-LandscapePro/Environment/Foliage/DeadTrees/tree01/lod03_diffuse2.ubulk" 1476
"C:/Users/student/Desktop/BozkurtIlker/Unreal Engine/BozkurtIlkerFv1/Content/STF/Pack03-LandscapePro/Environment/Foliage/DeadTrees/tree01/lod03_diffuse2.uasset" 1477
"C:/Users/student/Desktop/BozkurtIlker/Unreal Engine/BozkurtIlkerFv1/Content/STF/Pack03-LandscapePro/Environment/Foliage/DeadTrees/tree01/lod03_diffuse2.uexp" 1478
"C:/Users/student/Desktop/BozkurtIlker/Unreal Engine/BozkurtIlkerFv1/Content/STF/Pack03-LandscapePro/Environment/Foliage/DeadTrees/M_dead-tree-lod3.uasset" 1479
"C:/Users/student/Desktop/BozkurtIlker/Unreal Engine/BozkurtIlkerFv1/Content/STF/Pack03-LandscapePro/Environment/Foliage/DeadTrees/M_dead-tree-lod3.uexp" 1480
"C:/Users/student/Desktop/BozkurtIlker/Unreal Engine/BozkurtIlkerFv1/Content/STF/Pack03-LandscapePro/Environment/Foliage/DeadTrees/MI_dead-tree-lod3_master_Inst.uasset" 1481
"C:/Users/student/Desktop/BozkurtIlker/Unreal Engine/BozkurtIlkerFv1/Content/STF/Pack03-LandscapePro/Environment/Foliage/DeadTrees/MI_dead-tree-lod3_master_Inst.uexp" 1482
"C:/Users/student/Desktop/BozkurtIlker/Unreal Engine/BozkurtIlkerFv1/Content/STF/Pack03-LandscapePro/Environment/Foliage/DeadTrees/tree01/MI_dead-tree-lod03.uasset" 1483
"C:/Users/student/Desktop/BozkurtIlker/Unreal Engine/BozkurtIlkerFv1/Content/STF/Pack03-LandscapePro/Environment/Foliage/DeadTrees/tree01/MI_dead-tree-lod03.uexp" 1484
"C:/Users/student/Desktop/BozkurtIlker/Unreal Engine/BozkurtIlkerFv1/Content/STF/Pack03-LandscapePro/Environment/Foliage/DeadTrees/tree01/SM_dead-tree01.ubulk" 1485
"C:/Users/student/Desktop/BozkurtIlker/Unreal Engine/BozkurtIlkerFv1/Content/STF/Pack03-LandscapePro/Environment/Foliage/DeadTrees/tree01/SM_dead-tree01.uasset" 1486
"C:/Users/student/Desktop/BozkurtIlker/Unreal Engine/BozkurtIlkerFv1/Content/STF/Pack03-LandscapePro/Environment/Foliage/DeadTrees/tree01/SM_dead-tree01.uexp" 1487
"C:/Users/student/Desktop/BozkurtIlker/Unreal Engine/BozkurtIlkerFv1/Content/STF/Pack03-LandscapePro/Environment/Foliage/DeadTrees/tree01/dead-tree01_FoliageType.uasset" 1488
"C:/Users/student/Desktop/BozkurtIlker/Unreal Engine/BozkurtIlkerFv1/Content/STF/Pack03-LandscapePro/Environment/Foliage/DeadTrees/tree01/dead-tree01_FoliageType.uexp" 1489
"../../../Engine/Plugins/Experimental/Water/Content/Meshes/LakeMesh.ubulk" 1490
"../../../Engine/Plugins/Experimental/Water/Content/Meshes/LakeMesh.uasset" 1491
"../../../Engine/Plugins/Experimental/Water/Content/Meshes/LakeMesh.uexp" 1492
"C:/Users/student/Desktop/BozkurtIlker/Unreal Engine/BozkurtIlkerFv1/Content/PC3D_Birch_Bark_v1/Textures/Birch_Bark_02/T_Birch_Bark_02_AmbientOcclusion.ubulk" 1493
"C:/Users/student/Desktop/BozkurtIlker/Unreal Engine/BozkurtIlkerFv1/Content/PC3D_Birch_Bark_v1/Textures/Birch_Bark_02/T_Birch_Bark_02_AmbientOcclusion.uasset" 1494
"C:/Users/student/Desktop/BozkurtIlker/Unreal Engine/BozkurtIlkerFv1/Content/PC3D_Birch_Bark_v1/Textures/Birch_Bark_02/T_Birch_Bark_02_AmbientOcclusion.uexp" 1495
"C:/Users/student/Desktop/BozkurtIlker/Unreal Engine/BozkurtIlkerFv1/Content/PC3D_Birch_Bark_v1/Textures/Birch_Bark_02/T_Birch_Bark_02_Normal.ubulk" 1496
"C:/Users/student/Desktop/BozkurtIlker/Unreal Engine/BozkurtIlkerFv1/Content/PC3D_Birch_Bark_v1/Textures/Birch_Bark_02/T_Birch_Bark_02_Normal.uasset" 1497
"C:/Users/student/Desktop/BozkurtIlker/Unreal Engine/BozkurtIlkerFv1/Content/PC3D_Birch_Bark_v1/Textures/Birch_Bark_02/T_Birch_Bark_02_Normal.uexp" 1498
"C:/Users/student/Desktop/BozkurtIlker/Unreal Engine/BozkurtIlkerFv1/Content/PC3D_Birch_Bark_v1/Textures/Birch_Bark_02/T_Birch_Bark_02_BaseColor.ubulk" 1499
"C:/Users/student/Desktop/BozkurtIlker/Unreal Engine/BozkurtIlkerFv1/Content/PC3D_Birch_Bark_v1/Textures/Birch_Bark_02/T_Birch_Bark_02_BaseColor.uasset" 1500
"C:/Users/student/Desktop/BozkurtIlker/Unreal Engine/BozkurtIlkerFv1/Content/PC3D_Birch_Bark_v1/Textures/Birch_Bark_02/T_Birch_Bark_02_BaseColor.uexp" 1501
"C:/Users/student/Desktop/BozkurtIlker/Unreal Engine/BozkurtIlkerFv1/Content/PC3D_Birch_Bark_v1/Textures/Birch_Bark_02/T_Birch_Bark_02_Displacement.ubulk" 1502
"C:/Users/student/Desktop/BozkurtIlker/Unreal Engine/BozkurtIlkerFv1/Content/PC3D_Birch_Bark_v1/Textures/Birch_Bark_02/T_Birch_Bark_02_Displacement.uasset" 1503
"C:/Users/student/Desktop/BozkurtIlker/Unreal Engine/BozkurtIlkerFv1/Content/PC3D_Birch_Bark_v1/Textures/Birch_Bark_02/T_Birch_Bark_02_Displacement.uexp" 1504
"C:/Users/student/Desktop/BozkurtIlker/Unreal Engine/BozkurtIlkerFv1/Content/PC3D_Birch_Bark_v1/Textures/Birch_Bark_02/T_Birch_Bark_02_Roughness.ubulk" 1505
"C:/Users/student/Desktop/BozkurtIlker/Unreal Engine/BozkurtIlkerFv1/Content/PC3D_Birch_Bark_v1/Textures/Birch_Bark_02/T_Birch_Bark_02_Roughness.uasset" 1506
"C:/Users/student/Desktop/BozkurtIlker/Unreal Engine/BozkurtIlkerFv1/Content/PC3D_Birch_Bark_v1/Textures/Birch_Bark_02/T_Birch_Bark_02_Roughness.uexp" 1507
"C:/Users/student/Desktop/BozkurtIlker/Unreal Engine/BozkurtIlkerFv1/Content/PC3D_Birch_Bark_v1/Materials/M_Birch_Bark_02.uasset" 1508
"C:/Users/student/Desktop/BozkurtIlker/Unreal Engine/BozkurtIlkerFv1/Content/PC3D_Birch_Bark_v1/Materials/M_Birch_Bark_02.uexp" 1509
"../../../Engine/Content/Functions/Engine_MaterialFunctions02/ExampleContent/Textures/water_d.ubulk" 1510
"../../../Engine/Content/Functions/Engine_MaterialFunctions02/ExampleContent/Textures/water_d.uasset" 1511
"../../../Engine/Content/Functions/Engine_MaterialFunctions02/ExampleContent/Textures/water_d.uexp" 1512
"../../../Engine/Content/Functions/Engine_MaterialFunctions02/ExampleContent/Textures/water_n.ubulk" 1513
"../../../Engine/Content/Functions/Engine_MaterialFunctions02/ExampleContent/Textures/water_n.uasset" 1514
"../../../Engine/Content/Functions/Engine_MaterialFunctions02/ExampleContent/Textures/water_n.uexp" 1515
"../../../Engine/Content/EngineResources/DefaultTexture.ubulk" 1516
"../../../Engine/Content/EngineResources/DefaultTexture.uasset" 1517
"../../../Engine/Content/EngineResources/DefaultTexture.uexp" 1518
"../../../Engine/Content/EngineResources/Black.uasset" 1519
"../../../Engine/Content/EngineResources/Black.uexp" 1520
"../../../Engine/Plugins/Experimental/Water/Content/Materials/WaterSurface/Water_Material_Inst.uasset" 1521
"../../../Engine/Plugins/Experimental/Water/Content/Materials/WaterSurface/Water_Material_Inst.uexp" 1522
"../../../Engine/Plugins/Experimental/Water/Content/Materials/WaterSurface/Water_Material_Ocean.uasset" 1523
"../../../Engine/Plugins/Experimental/Water/Content/Materials/WaterSurface/Water_Material_Ocean.uexp" 1524
"C:/Users/student/Desktop/BozkurtIlker/Unreal Engine/BozkurtIlkerFv1/Content/UI/EndingUI.ubulk" 1525
"C:/Users/student/Desktop/BozkurtIlker/Unreal Engine/BozkurtIlkerFv1/Content/UI/EndingUI.uasset" 1526
"C:/Users/student/Desktop/BozkurtIlker/Unreal Engine/BozkurtIlkerFv1/Content/UI/EndingUI.uexp" 1527
"C:/Users/student/Desktop/BozkurtIlker/Unreal Engine/BozkurtIlkerFv1/Content/UI/USI_clear.uasset" 1528
"C:/Users/student/Desktop/BozkurtIlker/Unreal Engine/BozkurtIlkerFv1/Content/UI/USI_clear.uexp" 1529
"../../../Engine/Plugins/Experimental/Water/Content/Materials/WaterSurface/Water_Material_Lake.uasset" 1530
"../../../Engine/Plugins/Experimental/Water/Content/Materials/WaterSurface/Water_Material_Lake.uexp" 1531
"../../../Engine/Plugins/Experimental/Water/Content/Materials/WaterSurface/LODs/Water_Material_Lake_LOD.uasset" 1532
"../../../Engine/Plugins/Experimental/Water/Content/Materials/WaterSurface/LODs/Water_Material_Lake_LOD.uexp" 1533
"../../../Engine/Plugins/Enterprise/DatasmithContent/Content/Materials/TileMirrorAxis.uasset" 1534
"../../../Engine/Plugins/Enterprise/DatasmithContent/Content/Materials/TileMirrorAxis.uexp" 1535
"../../../Engine/Plugins/Enterprise/DatasmithContent/Content/Materials/UVEdit.uasset" 1536
"../../../Engine/Plugins/Enterprise/DatasmithContent/Content/Materials/UVEdit.uexp" 1537
"../../../Engine/Content/ArtTools/RenderToTexture/Textures/127grey.uasset" 1538
"../../../Engine/Content/ArtTools/RenderToTexture/Textures/127grey.uexp" 1539
"../../../Engine/Content/EditorLandscapeResources/WhiteSquareTexture.uasset" 1540
"../../../Engine/Content/EditorLandscapeResources/WhiteSquareTexture.uexp" 1541
"../../../Engine/Plugins/Enterprise/DatasmithContent/Content/Materials/C4DReferenceUV.uasset" 1542
"../../../Engine/Plugins/Enterprise/DatasmithContent/Content/Materials/C4DReferenceUV.uexp" 1543
"../../../Engine/Content/Functions/Engine_MaterialFunctions02/HueShift.uasset" 1544
"../../../Engine/Content/Functions/Engine_MaterialFunctions02/HueShift.uexp" 1545
"../../../Engine/Content/EngineMaterials/T_Default_Normal.ubulk" 1546
"../../../Engine/Content/EngineMaterials/T_Default_Normal.uasset" 1547
"../../../Engine/Content/EngineMaterials/T_Default_Normal.uexp" 1548
"../../../Engine/Plugins/Enterprise/DatasmithContent/Content/Materials/C4DReference.uasset" 1549
"../../../Engine/Plugins/Enterprise/DatasmithContent/Content/Materials/C4DReference.uexp" 1550
"C:/Users/student/Desktop/BozkurtIlker/Unreal Engine/BozkurtIlkerFv1/Content/Blureprint/BP_FoorDissapeare.uasset" 1551
"C:/Users/student/Desktop/BozkurtIlker/Unreal Engine/BozkurtIlkerFv1/Content/Blureprint/BP_FoorDissapeare.uexp" 1552
"../../../Engine/Plugins/FX/Niagara/Content/DefaultAssets/DefaultSpriteMaterial.uasset" 1553
"../../../Engine/Plugins/FX/Niagara/Content/DefaultAssets/DefaultSpriteMaterial.uexp" 1554
"C:/Users/student/Desktop/BozkurtIlker/Unreal Engine/BozkurtIlkerFv1/Content/Niagara/NS_SnowParticle.uasset" 1555
"C:/Users/student/Desktop/BozkurtIlker/Unreal Engine/BozkurtIlkerFv1/Content/Niagara/NS_SnowParticle.uexp" 1556
"../../../Engine/Content/EngineDebugMaterials/VertexColorViewMode_RedOnly.uasset" 1557
"../../../Engine/Content/EngineDebugMaterials/VertexColorViewMode_RedOnly.uexp" 1558
"../../../Engine/Content/Functions/Engine_MaterialFunctions02/ExampleContent/PivotPainter2/SimplePivotPainterExampleMat.uasset" 1559
"../../../Engine/Content/Functions/Engine_MaterialFunctions02/ExampleContent/PivotPainter2/SimplePivotPainterExampleMat.uexp" 1560
"../../../Engine/Content/Functions/Engine_MaterialFunctions02/ExampleContent/PivotPainter2/SimplePivotPainterExampleMat_Inst.uasset" 1561
"../../../Engine/Content/Functions/Engine_MaterialFunctions02/ExampleContent/PivotPainter2/SimplePivotPainterExampleMat_Inst.uexp" 1562
"../../../Engine/Content/Functions/Engine_MaterialFunctions02/ExampleContent/PivotPainter2/SimplePivotPainterExample.ubulk" 1563
"../../../Engine/Content/Functions/Engine_MaterialFunctions02/ExampleContent/PivotPainter2/SimplePivotPainterExample.uasset" 1564
"../../../Engine/Content/Functions/Engine_MaterialFunctions02/ExampleContent/PivotPainter2/SimplePivotPainterExample.uexp" 1565
"C:/Users/student/Desktop/BozkurtIlker/Unreal Engine/BozkurtIlkerFv1/Content/Blureprint/BP_GoalCube.uasset" 1566
"C:/Users/student/Desktop/BozkurtIlker/Unreal Engine/BozkurtIlkerFv1/Content/Blureprint/BP_GoalCube.uexp" 1567
"C:/Users/student/Desktop/BozkurtIlker/Unreal Engine/BozkurtIlkerFv1/Content/Fab/Megascans/Plants/Wild_Grass_vlkhcbxia/Medium/T_vlkhcbxia_2K_B.ubulk" 1568
"C:/Users/student/Desktop/BozkurtIlker/Unreal Engine/BozkurtIlkerFv1/Content/Fab/Megascans/Plants/Wild_Grass_vlkhcbxia/Medium/T_vlkhcbxia_2K_B.uasset" 1569
"C:/Users/student/Desktop/BozkurtIlker/Unreal Engine/BozkurtIlkerFv1/Content/Fab/Megascans/Plants/Wild_Grass_vlkhcbxia/Medium/T_vlkhcbxia_2K_B.uexp" 1570
"C:/Users/student/Desktop/BozkurtIlker/Unreal Engine/BozkurtIlkerFv1/Content/Fab/Megascans/Plants/Wild_Grass_vlkhcbxia/Medium/T_vlkhcbxia_2K_ORT.ubulk" 1571
"C:/Users/student/Desktop/BozkurtIlker/Unreal Engine/BozkurtIlkerFv1/Content/Fab/Megascans/Plants/Wild_Grass_vlkhcbxia/Medium/T_vlkhcbxia_2K_ORT.uasset" 1572
"C:/Users/student/Desktop/BozkurtIlker/Unreal Engine/BozkurtIlkerFv1/Content/Fab/Megascans/Plants/Wild_Grass_vlkhcbxia/Medium/T_vlkhcbxia_2K_ORT.uexp" 1573
"C:/Users/student/Desktop/BozkurtIlker/Unreal Engine/BozkurtIlkerFv1/Content/Fab/Megascans/Plants/Wild_Grass_vlkhcbxia/Medium/T_vlkhcbxia_2K_N.ubulk" 1574
"C:/Users/student/Desktop/BozkurtIlker/Unreal Engine/BozkurtIlkerFv1/Content/Fab/Megascans/Plants/Wild_Grass_vlkhcbxia/Medium/T_vlkhcbxia_2K_N.uasset" 1575
"C:/Users/student/Desktop/BozkurtIlker/Unreal Engine/BozkurtIlkerFv1/Content/Fab/Megascans/Plants/Wild_Grass_vlkhcbxia/Medium/T_vlkhcbxia_2K_N.uexp" 1576
"../../../Engine/Plugins/Fab/Content/MaterialFunctions/QMF_PerInstanceActorRandom.uasset" 1577
"../../../Engine/Plugins/Fab/Content/MaterialFunctions/QMF_PerInstanceActorRandom.uexp" 1578
"../../../Engine/Content/Functions/Engine_MaterialFunctions03/Blends/Blend_LinearDodge.uasset" 1579
"../../../Engine/Content/Functions/Engine_MaterialFunctions03/Blends/Blend_LinearDodge.uexp" 1580
"../../../Engine/Content/Functions/Engine_MaterialFunctions01/ImageAdjustment/3ColorBlend.uasset" 1581
"../../../Engine/Content/Functions/Engine_MaterialFunctions01/ImageAdjustment/3ColorBlend.uexp" 1582
"../../../Engine/Plugins/Fab/Content/Textures/Standard/T_DefaultNormal.uasset" 1583
"../../../Engine/Plugins/Fab/Content/Textures/Standard/T_DefaultNormal.uexp" 1584
"../../../Engine/Content/Functions/Engine_MaterialFunctions03/Blends/Blend_Overlay.uasset" 1585
"../../../Engine/Content/Functions/Engine_MaterialFunctions03/Blends/Blend_Overlay.uexp" 1586
"../../../Engine/Plugins/Fab/Content/MaterialParameterCollection/QMPC_GlobalFoliageActor.uasset" 1587
"../../../Engine/Plugins/Fab/Content/MaterialParameterCollection/QMPC_GlobalFoliageActor.uexp" 1588
"../../../Engine/Plugins/Fab/Content/Textures/Standard/T_DefaultMasks.uasset" 1589
"../../../Engine/Plugins/Fab/Content/Textures/Standard/T_DefaultMasks.uexp" 1590
"../../../Engine/Plugins/Fab/Content/MaterialFunctions/QMF_GenerateBranchMask_Plants.uasset" 1591
"../../../Engine/Plugins/Fab/Content/MaterialFunctions/QMF_GenerateBranchMask_Plants.uexp" 1592
"../../../Engine/Plugins/Fab/Content/MaterialFunctions/QMF_GenerateTranslucency.uasset" 1593
"../../../Engine/Plugins/Fab/Content/MaterialFunctions/QMF_GenerateTranslucency.uexp" 1594
"../../../Engine/Plugins/Fab/Content/MaterialFunctions/QMF_AdjustTwoSidedNormal.uasset" 1595
"../../../Engine/Plugins/Fab/Content/MaterialFunctions/QMF_AdjustTwoSidedNormal.uexp" 1596
"../../../Engine/Plugins/Fab/Content/MaterialFunctions/QMF_GrowthEffect.uasset" 1597
"../../../Engine/Plugins/Fab/Content/MaterialFunctions/QMF_GrowthEffect.uexp" 1598
"../../../Engine/Plugins/Fab/Content/MaterialFunctions/QMF_GenerateTwoSidedSpecular.uasset" 1599
"../../../Engine/Plugins/Fab/Content/MaterialFunctions/QMF_GenerateTwoSidedSpecular.uexp" 1600
"../../../Engine/Plugins/Fab/Content/MaterialFunctions/QMF_WorldspaceColorVariation.uasset" 1601
"../../../Engine/Plugins/Fab/Content/MaterialFunctions/QMF_WorldspaceColorVariation.uexp" 1602
"../../../Engine/Plugins/Fab/Content/MaterialFunctions/QMF_AdjustTwoSidedBaseColor.uasset" 1603
"../../../Engine/Plugins/Fab/Content/MaterialFunctions/QMF_AdjustTwoSidedBaseColor.uexp" 1604
"../../../Engine/Content/Functions/Engine_MaterialFunctions03/Blends/Blend_ColorBurn.uasset" 1605
"../../../Engine/Content/Functions/Engine_MaterialFunctions03/Blends/Blend_ColorBurn.uexp" 1606
"../../../Engine/Plugins/Fab/Content/MaterialFunctions/QMF_HealthSeason.uasset" 1607
"../../../Engine/Plugins/Fab/Content/MaterialFunctions/QMF_HealthSeason.uexp" 1608
"../../../Engine/Plugins/Fab/Content/Textures/Standard/T_Default_WindNoise.uasset" 1609
"../../../Engine/Plugins/Fab/Content/Textures/Standard/T_Default_WindNoise.uexp" 1610
"../../../Engine/Plugins/Fab/Content/MaterialFunctions/QMF_WindGust.uasset" 1611
"../../../Engine/Plugins/Fab/Content/MaterialFunctions/QMF_WindGust.uexp" 1612
"../../../Engine/Plugins/Fab/Content/MaterialFunctions/QMF_DistanceBasedGradient.uasset" 1613
"../../../Engine/Plugins/Fab/Content/MaterialFunctions/QMF_DistanceBasedGradient.uexp" 1614
"../../../Engine/Plugins/Fab/Content/MaterialFunctions/QMF_DistanceBasedOpacity.uasset" 1615
"../../../Engine/Plugins/Fab/Content/MaterialFunctions/QMF_DistanceBasedOpacity.uexp" 1616
"../../../Engine/Content/Functions/Engine_MaterialFunctions01/WorldPositionOffset/SimpleGrassWind.uasset" 1617
"../../../Engine/Content/Functions/Engine_MaterialFunctions01/WorldPositionOffset/SimpleGrassWind.uexp" 1618
"../../../Engine/Plugins/Fab/Content/MaterialFunctions/QMF_TwoSidedRoughness.uasset" 1619
"../../../Engine/Plugins/Fab/Content/MaterialFunctions/QMF_TwoSidedRoughness.uexp" 1620
"../../../Engine/Plugins/Fab/Content/Textures/Standard/T_DefaultColor.uasset" 1621
"../../../Engine/Plugins/Fab/Content/Textures/Standard/T_DefaultColor.uexp" 1622
"../../../Engine/Content/Functions/Engine_MaterialFunctions02/WorldPositionOffset/ObjectPivotPoint.uasset" 1623
"../../../Engine/Content/Functions/Engine_MaterialFunctions02/WorldPositionOffset/ObjectPivotPoint.uexp" 1624
"../../../Engine/Plugins/Fab/Content/MaterialFunctions/QMF_WindAnimation.uasset" 1625
"../../../Engine/Plugins/Fab/Content/MaterialFunctions/QMF_WindAnimation.uexp" 1626
"../../../Engine/Plugins/Fab/Content/Materials/Standard/M_MS_Foliage.uasset" 1627
"../../../Engine/Plugins/Fab/Content/Materials/Standard/M_MS_Foliage.uexp" 1628
"C:/Users/student/Desktop/BozkurtIlker/Unreal Engine/BozkurtIlkerFv1/Content/Fab/Megascans/Plants/Wild_Grass_vlkhcbxia/Medium/MI_vlkhcbxia.uasset" 1629
"C:/Users/student/Desktop/BozkurtIlker/Unreal Engine/BozkurtIlkerFv1/Content/Fab/Megascans/Plants/Wild_Grass_vlkhcbxia/Medium/MI_vlkhcbxia.uexp" 1630
"../../../Engine/Content/Functions/Engine_MaterialFunctions02/Utility/VectorToRadialValue.uasset" 1631
"../../../Engine/Content/Functions/Engine_MaterialFunctions02/Utility/VectorToRadialValue.uexp" 1632
"../../../Engine/Content/ArtTools/RenderToTexture/MaterialFunctions/FoliageZRotation.uasset" 1633
"../../../Engine/Content/ArtTools/RenderToTexture/MaterialFunctions/FoliageZRotation.uexp" 1634
"../../../Engine/Plugins/Fab/Content/Materials/Standard/M_MS_Billboard.uasset" 1635
"../../../Engine/Plugins/Fab/Content/Materials/Standard/M_MS_Billboard.uexp" 1636
"C:/Users/student/Desktop/BozkurtIlker/Unreal Engine/BozkurtIlkerFv1/Content/Fab/Megascans/Plants/Wild_Grass_vlkhcbxia/Medium/T_vlkhcbxia_2K_Billboard_B-O.ubulk" 1637
"C:/Users/student/Desktop/BozkurtIlker/Unreal Engine/BozkurtIlkerFv1/Content/Fab/Megascans/Plants/Wild_Grass_vlkhcbxia/Medium/T_vlkhcbxia_2K_Billboard_B-O.uasset" 1638
"C:/Users/student/Desktop/BozkurtIlker/Unreal Engine/BozkurtIlkerFv1/Content/Fab/Megascans/Plants/Wild_Grass_vlkhcbxia/Medium/T_vlkhcbxia_2K_Billboard_B-O.uexp" 1639
"C:/Users/student/Desktop/BozkurtIlker/Unreal Engine/BozkurtIlkerFv1/Content/Fab/Megascans/Plants/Wild_Grass_vlkhcbxia/Medium/T_vlkhcbxia_2K_Billboard_N-T.ubulk" 1640
"C:/Users/student/Desktop/BozkurtIlker/Unreal Engine/BozkurtIlkerFv1/Content/Fab/Megascans/Plants/Wild_Grass_vlkhcbxia/Medium/T_vlkhcbxia_2K_Billboard_N-T.uasset" 1641
"C:/Users/student/Desktop/BozkurtIlker/Unreal Engine/BozkurtIlkerFv1/Content/Fab/Megascans/Plants/Wild_Grass_vlkhcbxia/Medium/T_vlkhcbxia_2K_Billboard_N-T.uexp" 1642
"C:/Users/student/Desktop/BozkurtIlker/Unreal Engine/BozkurtIlkerFv1/Content/Fab/Megascans/Plants/Wild_Grass_vlkhcbxia/Medium/MI_vlkhcbxia_Billboard.uasset" 1643
"C:/Users/student/Desktop/BozkurtIlker/Unreal Engine/BozkurtIlkerFv1/Content/Fab/Megascans/Plants/Wild_Grass_vlkhcbxia/Medium/MI_vlkhcbxia_Billboard.uexp" 1644
"C:/Users/student/Desktop/BozkurtIlker/Unreal Engine/BozkurtIlkerFv1/Content/Fab/Megascans/Plants/Wild_Grass_vlkhcbxia/Medium/SM_vlkhcbxia_VarE.ubulk" 1645
"C:/Users/student/Desktop/BozkurtIlker/Unreal Engine/BozkurtIlkerFv1/Content/Fab/Megascans/Plants/Wild_Grass_vlkhcbxia/Medium/SM_vlkhcbxia_VarE.uasset" 1646
"C:/Users/student/Desktop/BozkurtIlker/Unreal Engine/BozkurtIlkerFv1/Content/Fab/Megascans/Plants/Wild_Grass_vlkhcbxia/Medium/SM_vlkhcbxia_VarE.uexp" 1647
"../../../Engine/Plugins/Enterprise/DatasmithContent/Content/Materials/FBXImporter/VRED/ProcessNormal.uasset" 1648
"../../../Engine/Plugins/Enterprise/DatasmithContent/Content/Materials/FBXImporter/VRED/ProcessNormal.uexp" 1649
"../../../Engine/Content/Functions/MaterialLayerFunctions/MatLayerBlend_Simple.uasset" 1650
"../../../Engine/Content/Functions/MaterialLayerFunctions/MatLayerBlend_Simple.uexp" 1651
"../../../Engine/Content/Functions/Engine_MaterialFunctions02/WorldPositionOffset/LocalPosition.uasset" 1652
"../../../Engine/Content/Functions/Engine_MaterialFunctions02/WorldPositionOffset/LocalPosition.uexp" 1653
"../../../Engine/Plugins/Enterprise/DatasmithContent/Content/Materials/FBXImporter/VRED/VREDRepeatMode.uasset" 1654
"../../../Engine/Plugins/Enterprise/DatasmithContent/Content/Materials/FBXImporter/VRED/VREDRepeatMode.uexp" 1655
"../../../Engine/Plugins/Enterprise/DatasmithContent/Content/Materials/FBXImporter/VRED/PlanarMapping.uasset" 1656
"../../../Engine/Plugins/Enterprise/DatasmithContent/Content/Materials/FBXImporter/VRED/PlanarMapping.uexp" 1657
"../../../Engine/Plugins/Enterprise/DatasmithContent/Content/Materials/FBXImporter/VRED/UVMapping.uasset" 1658
"../../../Engine/Plugins/Enterprise/DatasmithContent/Content/Materials/FBXImporter/VRED/UVMapping.uexp" 1659
"../../../Engine/Plugins/Enterprise/DatasmithContent/Content/Materials/FBXImporter/VRED/TriplanarMapping.uasset" 1660
"../../../Engine/Plugins/Enterprise/DatasmithContent/Content/Materials/FBXImporter/VRED/TriplanarMapping.uexp" 1661
"../../../Engine/Plugins/Enterprise/DatasmithContent/Content/Materials/FBXImporter/VRED/VREDTextureRead.uasset" 1662
"../../../Engine/Plugins/Enterprise/DatasmithContent/Content/Materials/FBXImporter/VRED/VREDTextureRead.uexp" 1663
"../../../Engine/Content/Functions/Engine_MaterialFunctions02/Fresnel_Function.uasset" 1664
"../../../Engine/Content/Functions/Engine_MaterialFunctions02/Fresnel_Function.uexp" 1665
"../../../Engine/Content/Functions/Engine_MaterialFunctions01/Texturing/BakedDisplacement.uasset" 1666
"../../../Engine/Content/Functions/Engine_MaterialFunctions01/Texturing/BakedDisplacement.uexp" 1667
"../../../Engine/Plugins/Enterprise/DatasmithContent/Content/Materials/FBXImporter/VRED/BrushedMetal.uasset" 1668
"../../../Engine/Plugins/Enterprise/DatasmithContent/Content/Materials/FBXImporter/VRED/BrushedMetal.uexp" 1669
"C:/Users/student/Desktop/BozkurtIlker/Unreal Engine/BozkurtIlkerFv1/Content/Blureprint/BP_FloorHalfDissapeare.uasset" 1670
"C:/Users/student/Desktop/BozkurtIlker/Unreal Engine/BozkurtIlkerFv1/Content/Blureprint/BP_FloorHalfDissapeare.uexp" 1671
"../../../Engine/Content/EngineMaterials/Widget3DPassThrough_Opaque_OneSided.uasset" 1672
"../../../Engine/Content/EngineMaterials/Widget3DPassThrough_Opaque_OneSided.uexp" 1673
"C:/Users/student/Desktop/BozkurtIlker/Unreal Engine/BozkurtIlkerFv1/Content/StarterContent/Textures/T_Smoke_SubUV.ubulk" 1674
"C:/Users/student/Desktop/BozkurtIlker/Unreal Engine/BozkurtIlkerFv1/Content/StarterContent/Textures/T_Smoke_SubUV.uasset" 1675
"C:/Users/student/Desktop/BozkurtIlker/Unreal Engine/BozkurtIlkerFv1/Content/StarterContent/Textures/T_Smoke_SubUV.uexp" 1676
"C:/Users/student/Desktop/BozkurtIlker/Unreal Engine/BozkurtIlkerFv1/Content/StarterContent/Textures/T_Smoke_Tiled_D.ubulk" 1677
"C:/Users/student/Desktop/BozkurtIlker/Unreal Engine/BozkurtIlkerFv1/Content/StarterContent/Textures/T_Smoke_Tiled_D.uasset" 1678
"C:/Users/student/Desktop/BozkurtIlker/Unreal Engine/BozkurtIlkerFv1/Content/StarterContent/Textures/T_Smoke_Tiled_D.uexp" 1679
"C:/Users/student/Desktop/BozkurtIlker/Unreal Engine/BozkurtIlkerFv1/Content/StarterContent/Particles/Materials/M_smoke_subUV.uasset" 1680
"C:/Users/student/Desktop/BozkurtIlker/Unreal Engine/BozkurtIlkerFv1/Content/StarterContent/Particles/Materials/M_smoke_subUV.uexp" 1681
"C:/Users/student/Desktop/BozkurtIlker/Unreal Engine/BozkurtIlkerFv1/Content/StarterContent/Textures/T_Spark_Core.ubulk" 1682
"C:/Users/student/Desktop/BozkurtIlker/Unreal Engine/BozkurtIlkerFv1/Content/StarterContent/Textures/T_Spark_Core.uasset" 1683
"C:/Users/student/Desktop/BozkurtIlker/Unreal Engine/BozkurtIlkerFv1/Content/StarterContent/Textures/T_Spark_Core.uexp" 1684
"C:/Users/student/Desktop/BozkurtIlker/Unreal Engine/BozkurtIlkerFv1/Content/StarterContent/Particles/Materials/M_Spark.uasset" 1685
"C:/Users/student/Desktop/BozkurtIlker/Unreal Engine/BozkurtIlkerFv1/Content/StarterContent/Particles/Materials/M_Spark.uexp" 1686
"../../../Engine/Content/Functions/Engine_MaterialFunctions01/Gradient/RadialGradient.uasset" 1687
"../../../Engine/Content/Functions/Engine_MaterialFunctions01/Gradient/RadialGradient.uexp" 1688
"C:/Users/student/Desktop/BozkurtIlker/Unreal Engine/BozkurtIlkerFv1/Content/StarterContent/Particles/Materials/M_Radial_Gradient.uasset" 1689
"C:/Users/student/Desktop/BozkurtIlker/Unreal Engine/BozkurtIlkerFv1/Content/StarterContent/Particles/Materials/M_Radial_Gradient.uexp" 1690
"C:/Users/student/Desktop/BozkurtIlker/Unreal Engine/BozkurtIlkerFv1/Content/StarterContent/Particles/P_Sparks.uasset" 1691
"C:/Users/student/Desktop/BozkurtIlker/Unreal Engine/BozkurtIlkerFv1/Content/StarterContent/Particles/P_Sparks.uexp" 1692
"../../../Engine/Content/MapTemplates/Sky/DaylightAmbientCubemap.uasset" 1693
"../../../Engine/Content/MapTemplates/Sky/DaylightAmbientCubemap.uexp" 1694
"../../../Engine/Content/Functions/Engine_MaterialFunctions02/ExampleContent/Textures/newhplaneAlphaMap.ubulk" 1695
"../../../Engine/Content/Functions/Engine_MaterialFunctions02/ExampleContent/Textures/newhplaneAlphaMap.uasset" 1696
"../../../Engine/Content/Functions/Engine_MaterialFunctions02/ExampleContent/Textures/newhplaneAlphaMap.uexp" 1697
"../../../Engine/Content/Functions/Engine_MaterialFunctions02/ExampleContent/Textures/newhplaneNormalsMap.ubulk" 1698
"../../../Engine/Content/Functions/Engine_MaterialFunctions02/ExampleContent/Textures/newhplaneNormalsMap.uasset" 1699
"../../../Engine/Content/Functions/Engine_MaterialFunctions02/ExampleContent/Textures/newhplaneNormalsMap.uexp" 1700
"../../../Engine/Content/Functions/Engine_MaterialFunctions02/ExampleContent/Textures/newhplaneHeightMap.ubulk" 1701
"../../../Engine/Content/Functions/Engine_MaterialFunctions02/ExampleContent/Textures/newhplaneHeightMap.uasset" 1702
"../../../Engine/Content/Functions/Engine_MaterialFunctions02/ExampleContent/Textures/newhplaneHeightMap.uexp" 1703
"../../../Engine/Content/Functions/Engine_MaterialFunctions02/Texturing/3dParticleOpacity.uasset" 1704
"../../../Engine/Content/Functions/Engine_MaterialFunctions02/Texturing/3dParticleOpacity.uexp" 1705
"../../../Engine/Content/Functions/Engine_MaterialFunctions02/ExampleContent/Textures/newhplaneLightingMap.ubulk" 1706
"../../../Engine/Content/Functions/Engine_MaterialFunctions02/ExampleContent/Textures/newhplaneLightingMap.uasset" 1707
"../../../Engine/Content/Functions/Engine_MaterialFunctions02/ExampleContent/Textures/newhplaneLightingMap.uexp" 1708
"../../../Engine/Content/Functions/Engine_MaterialFunctions02/ExampleContent/3dParticleOpacity_Mat.uasset" 1709
"../../../Engine/Content/Functions/Engine_MaterialFunctions02/ExampleContent/3dParticleOpacity_Mat.uexp" 1710
"../../../Engine/Content/Functions/Engine_MaterialFunctions02/ExampleContent/3dParticleOpacityInstance.uasset" 1711
"../../../Engine/Content/Functions/Engine_MaterialFunctions02/ExampleContent/3dParticleOpacityInstance.uexp" 1712
"../../../Engine/Content/Functions/Engine_MaterialFunctions02/ExampleContent/3dParticleOpacity_Particle.uasset" 1713
"../../../Engine/Content/Functions/Engine_MaterialFunctions02/ExampleContent/3dParticleOpacity_Particle.uexp" 1714
"../../../Engine/Content/ArtTools/RenderToTexture/Materials/Debug/M_Emissive_Color.uasset" 1715
"../../../Engine/Content/ArtTools/RenderToTexture/Materials/Debug/M_Emissive_Color.uexp" 1716
"../../../Engine/Content/ArtTools/RenderToTexture/Materials/Debug/M_Emissive_Color_127-127-0.uasset" 1717
"../../../Engine/Content/ArtTools/RenderToTexture/Materials/Debug/M_Emissive_Color_127-127-0.uexp" 1718
"C:/Users/student/Desktop/BozkurtIlker/Unreal Engine/BozkurtIlkerFv1/Content/Blureprint/BP_ScoreItem2.uasset" 1719
"C:/Users/student/Desktop/BozkurtIlker/Unreal Engine/BozkurtIlkerFv1/Content/Blureprint/BP_ScoreItem2.uexp" 1720
"../../../Engine/Plugins/Experimental/Water/Content/Materials/HLOD/HLODWater.uasset" 1721
"../../../Engine/Plugins/Experimental/Water/Content/Materials/HLOD/HLODWater.uexp" 1722
"../../../Engine/Content/VREditor/BasicMeshes/T_CleanFloorGrunge_01_D.ubulk" 1723
"../../../Engine/Content/VREditor/BasicMeshes/T_CleanFloorGrunge_01_D.uasset" 1724
"../../../Engine/Content/VREditor/BasicMeshes/T_CleanFloorGrunge_01_D.uexp" 1725
"../../../Engine/Content/VREditor/BasicMeshes/M_Floor_01.uasset" 1726
"../../../Engine/Content/VREditor/BasicMeshes/M_Floor_01.uexp" 1727
"../../../Engine/Content/VREditor/BasicMeshes/MI_Ball_01.uasset" 1728
"../../../Engine/Content/VREditor/BasicMeshes/MI_Ball_01.uexp" 1729
"../../../Engine/Content/VREditor/BasicMeshes/SM_Ball_01.ubulk" 1730
"../../../Engine/Content/VREditor/BasicMeshes/SM_Ball_01.uasset" 1731
"../../../Engine/Content/VREditor/BasicMeshes/SM_Ball_01.uexp" 1732
"../../../Engine/Content/VREditor/LaserPointer/LaserPointerMaterial.uasset" 1733
"../../../Engine/Content/VREditor/LaserPointer/LaserPointerMaterial.uexp" 1734
"C:/Users/student/Desktop/BozkurtIlker/Unreal Engine/BozkurtIlkerFv1/Content/Blureprint/BP_DeathObject.uasset" 1735
"C:/Users/student/Desktop/BozkurtIlker/Unreal Engine/BozkurtIlkerFv1/Content/Blureprint/BP_DeathObject.uexp" 1736
"../../../Engine/Plugins/Experimental/Water/Content/Materials/WaterSurface/LODs/Water_Material_Ocean_LOD.uasset" 1737
"../../../Engine/Plugins/Experimental/Water/Content/Materials/WaterSurface/LODs/Water_Material_Ocean_LOD.uexp" 1738
"../../../Engine/Content/EngineMaterials/DefaultPhysicalMaterial.uasset" 1739
"../../../Engine/Content/EngineMaterials/DefaultPhysicalMaterial.uexp" 1740
"C:/Users/student/Desktop/BozkurtIlker/Unreal Engine/BozkurtIlkerFv1/Content/STF/Pack03-LandscapePro/Environment/Foliage/Pines/pine05/T_lod00_rgb_XVector_a_XExtentDividedby2048reaches2048_UV_2.uasset" 1741
"C:/Users/student/Desktop/BozkurtIlker/Unreal Engine/BozkurtIlkerFv1/Content/STF/Pack03-LandscapePro/Environment/Foliage/Pines/pine05/T_lod00_rgb_XVector_a_XExtentDividedby2048reaches2048_UV_2.uexp" 1742
"C:/Users/student/Desktop/BozkurtIlker/Unreal Engine/BozkurtIlkerFv1/Content/STF/Pack03-LandscapePro/Environment/Foliage/Pines/pine05/T_lod00-2_rgb_PivotPos_a_ParentIndexInt_UV_3.uasset" 1743
"C:/Users/student/Desktop/BozkurtIlker/Unreal Engine/BozkurtIlkerFv1/Content/STF/Pack03-LandscapePro/Environment/Foliage/Pines/pine05/T_lod00-2_rgb_PivotPos_a_ParentIndexInt_UV_3.uexp" 1744
"C:/Users/student/Desktop/BozkurtIlker/Unreal Engine/BozkurtIlkerFv1/Content/STF/Pack03-LandscapePro/Environment/Foliage/Pines/T_leafs_normal.ubulk" 1745
"C:/Users/student/Desktop/BozkurtIlker/Unreal Engine/BozkurtIlkerFv1/Content/STF/Pack03-LandscapePro/Environment/Foliage/Pines/T_leafs_normal.uasset" 1746
"C:/Users/student/Desktop/BozkurtIlker/Unreal Engine/BozkurtIlkerFv1/Content/STF/Pack03-LandscapePro/Environment/Foliage/Pines/T_leafs_normal.uexp" 1747
"C:/Users/student/Desktop/BozkurtIlker/Unreal Engine/BozkurtIlkerFv1/Content/STF/Pack03-LandscapePro/Environment/Foliage/Pines/T_tree_pine_Leafs_opacity_maps.ubulk" 1748
"C:/Users/student/Desktop/BozkurtIlker/Unreal Engine/BozkurtIlkerFv1/Content/STF/Pack03-LandscapePro/Environment/Foliage/Pines/T_tree_pine_Leafs_opacity_maps.uasset" 1749
"C:/Users/student/Desktop/BozkurtIlker/Unreal Engine/BozkurtIlkerFv1/Content/STF/Pack03-LandscapePro/Environment/Foliage/Pines/T_tree_pine_Leafs_opacity_maps.uexp" 1750
"C:/Users/student/Desktop/BozkurtIlker/Unreal Engine/BozkurtIlkerFv1/Content/STF/Pack03-LandscapePro/Environment/Foliage/Pines/T_leafs_diffuse.ubulk" 1751
"C:/Users/student/Desktop/BozkurtIlker/Unreal Engine/BozkurtIlkerFv1/Content/STF/Pack03-LandscapePro/Environment/Foliage/Pines/T_leafs_diffuse.uasset" 1752
"C:/Users/student/Desktop/BozkurtIlker/Unreal Engine/BozkurtIlkerFv1/Content/STF/Pack03-LandscapePro/Environment/Foliage/Pines/T_leafs_diffuse.uexp" 1753
"C:/Users/student/Desktop/BozkurtIlker/Unreal Engine/BozkurtIlkerFv1/Content/STF/Pack03-LandscapePro/Base/MaterialFunctions/MF_two-sided-foliage.uasset" 1754
"C:/Users/student/Desktop/BozkurtIlker/Unreal Engine/BozkurtIlkerFv1/Content/STF/Pack03-LandscapePro/Base/MaterialFunctions/MF_two-sided-foliage.uexp" 1755
"C:/Users/student/Desktop/BozkurtIlker/Unreal Engine/BozkurtIlkerFv1/Content/STF/Pack03-LandscapePro/Environment/Foliage/Pines/M_tree_pine_Leafs_Material.uasset" 1756
"C:/Users/student/Desktop/BozkurtIlker/Unreal Engine/BozkurtIlkerFv1/Content/STF/Pack03-LandscapePro/Environment/Foliage/Pines/M_tree_pine_Leafs_Material.uexp" 1757
"C:/Users/student/Desktop/BozkurtIlker/Unreal Engine/BozkurtIlkerFv1/Content/STF/Pack03-LandscapePro/Environment/Foliage/Pines/MI_tree_pine_Leafs_Materia_Inst_Master.uasset" 1758
"C:/Users/student/Desktop/BozkurtIlker/Unreal Engine/BozkurtIlkerFv1/Content/STF/Pack03-LandscapePro/Environment/Foliage/Pines/MI_tree_pine_Leafs_Materia_Inst_Master.uexp" 1759
"C:/Users/student/Desktop/BozkurtIlker/Unreal Engine/BozkurtIlkerFv1/Content/STF/Pack03-LandscapePro/Environment/Foliage/Pines/pine05/MI_lod00_leafs.uasset" 1760
"C:/Users/student/Desktop/BozkurtIlker/Unreal Engine/BozkurtIlkerFv1/Content/STF/Pack03-LandscapePro/Environment/Foliage/Pines/pine05/MI_lod00_leafs.uexp" 1761
"C:/Users/student/Desktop/BozkurtIlker/Unreal Engine/BozkurtIlkerFv1/Content/STF/Pack03-LandscapePro/Environment/Foliage/Pines/T_pine_bark_diffuse.ubulk" 1762
"C:/Users/student/Desktop/BozkurtIlker/Unreal Engine/BozkurtIlkerFv1/Content/STF/Pack03-LandscapePro/Environment/Foliage/Pines/T_pine_bark_diffuse.uasset" 1763
"C:/Users/student/Desktop/BozkurtIlker/Unreal Engine/BozkurtIlkerFv1/Content/STF/Pack03-LandscapePro/Environment/Foliage/Pines/T_pine_bark_diffuse.uexp" 1764
"C:/Users/student/Desktop/BozkurtIlker/Unreal Engine/BozkurtIlkerFv1/Content/STF/Pack03-LandscapePro/Environment/Foliage/Pines/T_pine_bark_normal.ubulk" 1765
"C:/Users/student/Desktop/BozkurtIlker/Unreal Engine/BozkurtIlkerFv1/Content/STF/Pack03-LandscapePro/Environment/Foliage/Pines/T_pine_bark_normal.uasset" 1766
"C:/Users/student/Desktop/BozkurtIlker/Unreal Engine/BozkurtIlkerFv1/Content/STF/Pack03-LandscapePro/Environment/Foliage/Pines/T_pine_bark_normal.uexp" 1767
"C:/Users/student/Desktop/BozkurtIlker/Unreal Engine/BozkurtIlkerFv1/Content/STF/Pack03-LandscapePro/Environment/Foliage/Pines/M_tree_pine_bark_diffuse_material.uasset" 1768
"C:/Users/student/Desktop/BozkurtIlker/Unreal Engine/BozkurtIlkerFv1/Content/STF/Pack03-LandscapePro/Environment/Foliage/Pines/M_tree_pine_bark_diffuse_material.uexp" 1769
"C:/Users/student/Desktop/BozkurtIlker/Unreal Engine/BozkurtIlkerFv1/Content/STF/Pack03-LandscapePro/Environment/Foliage/Pines/MI_tree_pine_bark_diffuse_material_Inst_Master.uasset" 1770
"C:/Users/student/Desktop/BozkurtIlker/Unreal Engine/BozkurtIlkerFv1/Content/STF/Pack03-LandscapePro/Environment/Foliage/Pines/MI_tree_pine_bark_diffuse_material_Inst_Master.uexp" 1771
"C:/Users/student/Desktop/BozkurtIlker/Unreal Engine/BozkurtIlkerFv1/Content/STF/Pack03-LandscapePro/Environment/Foliage/Pines/pine05/T_lod00_rgb_PivotPos_a_ParentIndexInt_UV_2.uasset" 1772
"C:/Users/student/Desktop/BozkurtIlker/Unreal Engine/BozkurtIlkerFv1/Content/STF/Pack03-LandscapePro/Environment/Foliage/Pines/pine05/T_lod00_rgb_PivotPos_a_ParentIndexInt_UV_2.uexp" 1773
"C:/Users/student/Desktop/BozkurtIlker/Unreal Engine/BozkurtIlkerFv1/Content/STF/Pack03-LandscapePro/Environment/Foliage/Pines/pine05/MI_lod00_bark.uasset" 1774
"C:/Users/student/Desktop/BozkurtIlker/Unreal Engine/BozkurtIlkerFv1/Content/STF/Pack03-LandscapePro/Environment/Foliage/Pines/pine05/MI_lod00_bark.uexp" 1775
"C:/Users/student/Desktop/BozkurtIlker/Unreal Engine/BozkurtIlkerFv1/Content/STF/Pack03-LandscapePro/Environment/Foliage/Pines/pine05/T_lod03_diffuse.ubulk" 1776
"C:/Users/student/Desktop/BozkurtIlker/Unreal Engine/BozkurtIlkerFv1/Content/STF/Pack03-LandscapePro/Environment/Foliage/Pines/pine05/T_lod03_diffuse.uasset" 1777
"C:/Users/student/Desktop/BozkurtIlker/Unreal Engine/BozkurtIlkerFv1/Content/STF/Pack03-LandscapePro/Environment/Foliage/Pines/pine05/T_lod03_diffuse.uexp" 1778
"C:/Users/student/Desktop/BozkurtIlker/Unreal Engine/BozkurtIlkerFv1/Content/STF/Pack03-LandscapePro/Environment/Foliage/Pines/pine01/T_Impostor_BaseColor.ubulk" 1779
"C:/Users/student/Desktop/BozkurtIlker/Unreal Engine/BozkurtIlkerFv1/Content/STF/Pack03-LandscapePro/Environment/Foliage/Pines/pine01/T_Impostor_BaseColor.uasset" 1780
"C:/Users/student/Desktop/BozkurtIlker/Unreal Engine/BozkurtIlkerFv1/Content/STF/Pack03-LandscapePro/Environment/Foliage/Pines/pine01/T_Impostor_BaseColor.uexp" 1781
"C:/Users/student/Desktop/BozkurtIlker/Unreal Engine/BozkurtIlkerFv1/Content/STF/Pack03-LandscapePro/Environment/Foliage/Pines/M_pines_lod3.uasset" 1782
"C:/Users/student/Desktop/BozkurtIlker/Unreal Engine/BozkurtIlkerFv1/Content/STF/Pack03-LandscapePro/Environment/Foliage/Pines/M_pines_lod3.uexp" 1783
"C:/Users/student/Desktop/BozkurtIlker/Unreal Engine/BozkurtIlkerFv1/Content/STF/Pack03-LandscapePro/Environment/Foliage/Pines/MI_pines_lod3_master_Inst.uasset" 1784
"C:/Users/student/Desktop/BozkurtIlker/Unreal Engine/BozkurtIlkerFv1/Content/STF/Pack03-LandscapePro/Environment/Foliage/Pines/MI_pines_lod3_master_Inst.uexp" 1785
"C:/Users/student/Desktop/BozkurtIlker/Unreal Engine/BozkurtIlkerFv1/Content/STF/Pack03-LandscapePro/Environment/Foliage/Pines/pine05/MI_pines_lod3_master_Inst_Inst.uasset" 1786
"C:/Users/student/Desktop/BozkurtIlker/Unreal Engine/BozkurtIlkerFv1/Content/STF/Pack03-LandscapePro/Environment/Foliage/Pines/pine05/MI_pines_lod3_master_Inst_Inst.uexp" 1787
"C:/Users/student/Desktop/BozkurtIlker/Unreal Engine/BozkurtIlkerFv1/Content/STF/Pack03-LandscapePro/Environment/Foliage/Pines/pine05/SM_pine05.ubulk" 1788
"C:/Users/student/Desktop/BozkurtIlker/Unreal Engine/BozkurtIlkerFv1/Content/STF/Pack03-LandscapePro/Environment/Foliage/Pines/pine05/SM_pine05.uasset" 1789
"C:/Users/student/Desktop/BozkurtIlker/Unreal Engine/BozkurtIlkerFv1/Content/STF/Pack03-LandscapePro/Environment/Foliage/Pines/pine05/SM_pine05.uexp" 1790
"C:/Users/student/Desktop/BozkurtIlker/Unreal Engine/BozkurtIlkerFv1/Content/STF/Pack03-LandscapePro/Environment/ProceduralFoliage/FoliageType_Pine05.uasset" 1791
"C:/Users/student/Desktop/BozkurtIlker/Unreal Engine/BozkurtIlkerFv1/Content/STF/Pack03-LandscapePro/Environment/ProceduralFoliage/FoliageType_Pine05.uexp" 1792
"C:/Users/student/Desktop/BozkurtIlker/Unreal Engine/BozkurtIlkerFv1/Content/STF/Pack03-LandscapePro/Environment/Foliage/GreenTrees/MI_dead-tree-lod3_master_Inst.uasset" 1793
"C:/Users/student/Desktop/BozkurtIlker/Unreal Engine/BozkurtIlkerFv1/Content/STF/Pack03-LandscapePro/Environment/Foliage/GreenTrees/MI_dead-tree-lod3_master_Inst.uexp" 1794
"C:/Users/student/Desktop/BozkurtIlker/Unreal Engine/BozkurtIlkerFv1/Content/STF/Pack03-LandscapePro/Environment/Foliage/GreenTrees/tree01/MI_dead-tree-lod3_master_Inst_Inst.uasset" 1795
"C:/Users/student/Desktop/BozkurtIlker/Unreal Engine/BozkurtIlkerFv1/Content/STF/Pack03-LandscapePro/Environment/Foliage/GreenTrees/tree01/MI_dead-tree-lod3_master_Inst_Inst.uexp" 1796
"C:/Users/student/Desktop/BozkurtIlker/Unreal Engine/BozkurtIlkerFv1/Content/STF/Pack03-LandscapePro/Environment/Foliage/GreenTrees/dead_tree_leafs_green_diffuse.ubulk" 1797
"C:/Users/student/Desktop/BozkurtIlker/Unreal Engine/BozkurtIlkerFv1/Content/STF/Pack03-LandscapePro/Environment/Foliage/GreenTrees/dead_tree_leafs_green_diffuse.uasset" 1798
"C:/Users/student/Desktop/BozkurtIlker/Unreal Engine/BozkurtIlkerFv1/Content/STF/Pack03-LandscapePro/Environment/Foliage/GreenTrees/dead_tree_leafs_green_diffuse.uexp" 1799
"C:/Users/student/Desktop/BozkurtIlker/Unreal Engine/BozkurtIlkerFv1/Content/STF/Pack03-LandscapePro/Environment/Foliage/GreenTrees/dead_tree_leafs_green_normal.ubulk" 1800
"C:/Users/student/Desktop/BozkurtIlker/Unreal Engine/BozkurtIlkerFv1/Content/STF/Pack03-LandscapePro/Environment/Foliage/GreenTrees/dead_tree_leafs_green_normal.uasset" 1801
"C:/Users/student/Desktop/BozkurtIlker/Unreal Engine/BozkurtIlkerFv1/Content/STF/Pack03-LandscapePro/Environment/Foliage/GreenTrees/dead_tree_leafs_green_normal.uexp" 1802
"C:/Users/student/Desktop/BozkurtIlker/Unreal Engine/BozkurtIlkerFv1/Content/STF/Pack03-LandscapePro/Environment/Foliage/GreenTrees/MI_dead-tree-leafs_master_Inst.uasset" 1803
"C:/Users/student/Desktop/BozkurtIlker/Unreal Engine/BozkurtIlkerFv1/Content/STF/Pack03-LandscapePro/Environment/Foliage/GreenTrees/MI_dead-tree-leafs_master_Inst.uexp" 1804
"C:/Users/student/Desktop/BozkurtIlker/Unreal Engine/BozkurtIlkerFv1/Content/STF/Pack03-LandscapePro/Environment/Foliage/GreenTrees/tree01/MI_dead-tree-leafs_master_Inst_Inst.uasset" 1805
"C:/Users/student/Desktop/BozkurtIlker/Unreal Engine/BozkurtIlkerFv1/Content/STF/Pack03-LandscapePro/Environment/Foliage/GreenTrees/tree01/MI_dead-tree-leafs_master_Inst_Inst.uexp" 1806
"C:/Users/student/Desktop/BozkurtIlker/Unreal Engine/BozkurtIlkerFv1/Content/STF/Pack03-LandscapePro/Environment/Foliage/GreenTrees/tree01/SM_green-tree01.ubulk" 1807
"C:/Users/student/Desktop/BozkurtIlker/Unreal Engine/BozkurtIlkerFv1/Content/STF/Pack03-LandscapePro/Environment/Foliage/GreenTrees/tree01/SM_green-tree01.uasset" 1808
"C:/Users/student/Desktop/BozkurtIlker/Unreal Engine/BozkurtIlkerFv1/Content/STF/Pack03-LandscapePro/Environment/Foliage/GreenTrees/tree01/SM_green-tree01.uexp" 1809
"C:/Users/student/Desktop/BozkurtIlker/Unreal Engine/BozkurtIlkerFv1/Content/STF/Pack03-LandscapePro/Environment/Foliage/GreenTrees/tree01/green-tree01_FoliageType.uasset" 1810
"C:/Users/student/Desktop/BozkurtIlker/Unreal Engine/BozkurtIlkerFv1/Content/STF/Pack03-LandscapePro/Environment/Foliage/GreenTrees/tree01/green-tree01_FoliageType.uexp" 1811
"C:/Users/student/Desktop/BozkurtIlker/Unreal Engine/BozkurtIlkerFv1/Content/Fab/Megascans/Plants/Wild_Grass_vlkhcbxia/Medium/SM_vlkhcbxia_VarG.ubulk" 1812
"C:/Users/student/Desktop/BozkurtIlker/Unreal Engine/BozkurtIlkerFv1/Content/Fab/Megascans/Plants/Wild_Grass_vlkhcbxia/Medium/SM_vlkhcbxia_VarG.uasset" 1813
"C:/Users/student/Desktop/BozkurtIlker/Unreal Engine/BozkurtIlkerFv1/Content/Fab/Megascans/Plants/Wild_Grass_vlkhcbxia/Medium/SM_vlkhcbxia_VarG.uexp" 1814
"C:/Users/student/Desktop/BozkurtIlker/Unreal Engine/BozkurtIlkerFv1/Content/Fab/Megascans/Plants/Wild_Grass_vlkhcbxia/Medium/FoliageTypes/FT_vlkhcbxia_VarG.uasset" 1815
"C:/Users/student/Desktop/BozkurtIlker/Unreal Engine/BozkurtIlkerFv1/Content/Fab/Megascans/Plants/Wild_Grass_vlkhcbxia/Medium/FoliageTypes/FT_vlkhcbxia_VarG.uexp" 1816
"../../../Engine/Content/EngineMaterials/ColorGradingWheelGradient.uasset" 1817
"../../../Engine/Content/EngineMaterials/ColorGradingWheelGradient.uexp" 1818
"../../../Engine/Content/EngineMaterials/ColorGradingWheelBackground.uasset" 1819
"../../../Engine/Content/EngineMaterials/ColorGradingWheelBackground.uexp" 1820
"../../../Engine/Content/EngineMaterials/ColorGradingWheel.uasset" 1821
"../../../Engine/Content/EngineMaterials/ColorGradingWheel.uexp" 1822
"C:/Users/student/Desktop/BozkurtIlker/Unreal Engine/BozkurtIlkerFv1/Content/Blureprint/ChangeFloor.uasset" 1823
"C:/Users/student/Desktop/BozkurtIlker/Unreal Engine/BozkurtIlkerFv1/Content/Blureprint/ChangeFloor.uexp" 1824
"C:/Users/student/Desktop/BozkurtIlker/Unreal Engine/BozkurtIlkerFv1/Content/Blureprint/BP_ScoreItem3.uasset" 1825
"C:/Users/student/Desktop/BozkurtIlker/Unreal Engine/BozkurtIlkerFv1/Content/Blureprint/BP_ScoreItem3.uexp" 1826
"C:/Users/student/Desktop/BozkurtIlker/Unreal Engine/BozkurtIlkerFv1/Content/STF/Pack03-LandscapePro/Environment/Foliage/RocksLarge/MI_cliffrock01_material_Inst.uasset" 1827
"C:/Users/student/Desktop/BozkurtIlker/Unreal Engine/BozkurtIlkerFv1/Content/STF/Pack03-LandscapePro/Environment/Foliage/RocksLarge/MI_cliffrock01_material_Inst.uexp" 1828
"C:/Users/student/Desktop/BozkurtIlker/Unreal Engine/BozkurtIlkerFv1/Content/STF/Pack03-LandscapePro/Environment/Foliage/RocksLarge/SM_cliffrock01_lod00.ubulk" 1829
"C:/Users/student/Desktop/BozkurtIlker/Unreal Engine/BozkurtIlkerFv1/Content/STF/Pack03-LandscapePro/Environment/Foliage/RocksLarge/SM_cliffrock01_lod00.uasset" 1830
"C:/Users/student/Desktop/BozkurtIlker/Unreal Engine/BozkurtIlkerFv1/Content/STF/Pack03-LandscapePro/Environment/Foliage/RocksLarge/SM_cliffrock01_lod00.uexp" 1831
"../../../Engine/Plugins/Experimental/Water/Content/Waves/GerstnerWaves_Ocean.uasset" 1832
"../../../Engine/Plugins/Experimental/Water/Content/Waves/GerstnerWaves_Ocean.uexp" 1833
"C:/Users/student/Desktop/BozkurtIlker/Unreal Engine/BozkurtIlkerFv1/Content/Fab/Megascans/Plants/Wild_Grass_vlkhcbxia/Medium/SM_vlkhcbxia_VarA.ubulk" 1834
"C:/Users/student/Desktop/BozkurtIlker/Unreal Engine/BozkurtIlkerFv1/Content/Fab/Megascans/Plants/Wild_Grass_vlkhcbxia/Medium/SM_vlkhcbxia_VarA.uasset" 1835
"C:/Users/student/Desktop/BozkurtIlker/Unreal Engine/BozkurtIlkerFv1/Content/Fab/Megascans/Plants/Wild_Grass_vlkhcbxia/Medium/SM_vlkhcbxia_VarA.uexp" 1836
"../../../Engine/Plugins/Experimental/Water/Content/Curves/FloatCurve.uasset" 1837
"../../../Engine/Plugins/Experimental/Water/Content/Curves/FloatCurve.uexp" 1838
"C:/Users/student/Desktop/BozkurtIlker/Unreal Engine/BozkurtIlkerFv1/Content/PN_GrassLibrary/Textures/grassTextures/PivPainterTextures/grass_02_06_PIV.uasset" 1839
"C:/Users/student/Desktop/BozkurtIlker/Unreal Engine/BozkurtIlkerFv1/Content/PN_GrassLibrary/Textures/grassTextures/PivPainterTextures/grass_02_06_PIV.uexp" 1840
"C:/Users/student/Desktop/BozkurtIlker/Unreal Engine/BozkurtIlkerFv1/Content/PN_GrassLibrary/Textures/grassTextures/PivPainterTextures/grass_02_06_VEC.uasset" 1841
"C:/Users/student/Desktop/BozkurtIlker/Unreal Engine/BozkurtIlkerFv1/Content/PN_GrassLibrary/Textures/grassTextures/PivPainterTextures/grass_02_06_VEC.uexp" 1842
"../../../Engine/Content/Functions/Engine_MaterialFunctions01/SpeedTree/SpeedTreeColorVariation.uasset" 1843
"../../../Engine/Content/Functions/Engine_MaterialFunctions01/SpeedTree/SpeedTreeColorVariation.uexp" 1844
"C:/Users/student/Desktop/BozkurtIlker/Unreal Engine/BozkurtIlkerFv1/Content/PN_GrassLibrary/Materials/PN_WindParameters.uasset" 1845
"C:/Users/student/Desktop/BozkurtIlker/Unreal Engine/BozkurtIlkerFv1/Content/PN_GrassLibrary/Materials/PN_WindParameters.uexp" 1846
"C:/Users/student/Desktop/BozkurtIlker/Unreal Engine/BozkurtIlkerFv1/Content/PN_GrassLibrary/Textures/grassTextures/MasterTextures/springGrass_Albedo_8k_I.uasset" 1847
"C:/Users/student/Desktop/BozkurtIlker/Unreal Engine/BozkurtIlkerFv1/Content/PN_GrassLibrary/Textures/grassTextures/MasterTextures/springGrass_Albedo_8k_I.uexp" 1848
"C:/Users/student/Desktop/BozkurtIlker/Unreal Engine/BozkurtIlkerFv1/Content/PN_GrassLibrary/Textures/grassTextures/MasterTextures/springGrass_Opacity_8k.uasset" 1849
"C:/Users/student/Desktop/BozkurtIlker/Unreal Engine/BozkurtIlkerFv1/Content/PN_GrassLibrary/Textures/grassTextures/MasterTextures/springGrass_Opacity_8k.uexp" 1850
"C:/Users/student/Desktop/BozkurtIlker/Unreal Engine/BozkurtIlkerFv1/Content/PN_GrassLibrary/Materials/MaterialFunctions/PN_WindAnimation.uasset" 1851
"C:/Users/student/Desktop/BozkurtIlker/Unreal Engine/BozkurtIlkerFv1/Content/PN_GrassLibrary/Materials/MaterialFunctions/PN_WindAnimation.uexp" 1852
"C:/Users/student/Desktop/BozkurtIlker/Unreal Engine/BozkurtIlkerFv1/Content/PN_GrassLibrary/Materials/MaterialFunctions/PN_Bending.uasset" 1853
"C:/Users/student/Desktop/BozkurtIlker/Unreal Engine/BozkurtIlkerFv1/Content/PN_GrassLibrary/Materials/MaterialFunctions/PN_Bending.uexp" 1854
"C:/Users/student/Desktop/BozkurtIlker/Unreal Engine/BozkurtIlkerFv1/Content/PN_GrassLibrary/Materials/MaterialFunctions/PN_MultiBend.uasset" 1855
"C:/Users/student/Desktop/BozkurtIlker/Unreal Engine/BozkurtIlkerFv1/Content/PN_GrassLibrary/Materials/MaterialFunctions/PN_MultiBend.uexp" 1856
"C:/Users/student/Desktop/BozkurtIlker/Unreal Engine/BozkurtIlkerFv1/Content/PN_GrassLibrary/Materials/MaterialFunctions/PN_BendingParameters.uasset" 1857
"C:/Users/student/Desktop/BozkurtIlker/Unreal Engine/BozkurtIlkerFv1/Content/PN_GrassLibrary/Materials/MaterialFunctions/PN_BendingParameters.uexp" 1858
"C:/Users/student/Desktop/BozkurtIlker/Unreal Engine/BozkurtIlkerFv1/Content/PN_GrassLibrary/Materials/MaterialFunctions/PN_AnimationShader.uasset" 1859
"C:/Users/student/Desktop/BozkurtIlker/Unreal Engine/BozkurtIlkerFv1/Content/PN_GrassLibrary/Materials/MaterialFunctions/PN_AnimationShader.uexp" 1860
"C:/Users/student/Desktop/BozkurtIlker/Unreal Engine/BozkurtIlkerFv1/Content/PN_GrassLibrary/Textures/grassTextures/MasterTextures/springGrass_Normal_springGrass_8k.uexp" 1861
"C:/Users/student/Desktop/BozkurtIlker/Unreal Engine/BozkurtIlkerFv1/Content/PN_GrassLibrary/Textures/grassTextures/MasterTextures/springGrass_Normal_springGrass_8k.ubulk" 1862
"C:/Users/student/Desktop/BozkurtIlker/Unreal Engine/BozkurtIlkerFv1/Content/PN_GrassLibrary/Textures/grassTextures/MasterTextures/springGrass_Normal_springGrass_8k.uasset" 1863
"C:/Users/student/Desktop/BozkurtIlker/Unreal Engine/BozkurtIlkerFv1/Content/PN_GrassLibrary/Textures/grassTextures/MasterTextures/springGrass_Normal_springGrass_8k.uptnl" 1864
"C:/Users/student/Desktop/BozkurtIlker/Unreal Engine/BozkurtIlkerFv1/Content/PN_GrassLibrary/Materials/grassMaterials/MA_Grass.uasset" 1865
"C:/Users/student/Desktop/BozkurtIlker/Unreal Engine/BozkurtIlkerFv1/Content/PN_GrassLibrary/Materials/grassMaterials/MA_Grass.uexp" 1866
"C:/Users/student/Desktop/BozkurtIlker/Unreal Engine/BozkurtIlkerFv1/Content/PN_GrassLibrary/Materials/grassMaterials/grassMaterials/grass_02_06_Mat.uasset" 1867
"C:/Users/student/Desktop/BozkurtIlker/Unreal Engine/BozkurtIlkerFv1/Content/PN_GrassLibrary/Materials/grassMaterials/grassMaterials/grass_02_06_Mat.uexp" 1868
"C:/Users/student/Desktop/BozkurtIlker/Unreal Engine/BozkurtIlkerFv1/Content/PN_GrassLibrary/Meshes/grassMesh/grass_02_06_mesh.ubulk" 1869
"C:/Users/student/Desktop/BozkurtIlker/Unreal Engine/BozkurtIlkerFv1/Content/PN_GrassLibrary/Meshes/grassMesh/grass_02_06_mesh.uasset" 1870
"C:/Users/student/Desktop/BozkurtIlker/Unreal Engine/BozkurtIlkerFv1/Content/PN_GrassLibrary/Meshes/grassMesh/grass_02_06_mesh.uexp" 1871
"C:/Users/student/Desktop/BozkurtIlker/Unreal Engine/BozkurtIlkerFv1/Content/Fab/Megascans/Plants/Wild_Grass_vlkhcbxia/Medium/SM_vlkhcbxia_VarB.ubulk" 1872
"C:/Users/student/Desktop/BozkurtIlker/Unreal Engine/BozkurtIlkerFv1/Content/Fab/Megascans/Plants/Wild_Grass_vlkhcbxia/Medium/SM_vlkhcbxia_VarB.uasset" 1873
"C:/Users/student/Desktop/BozkurtIlker/Unreal Engine/BozkurtIlkerFv1/Content/Fab/Megascans/Plants/Wild_Grass_vlkhcbxia/Medium/SM_vlkhcbxia_VarB.uexp" 1874
"C:/Users/student/Desktop/BozkurtIlker/Unreal Engine/BozkurtIlkerFv1/Content/PN_GrassLibrary/FoliageTypes/grassFoliage/grass_02_06.uasset" 1875
"C:/Users/student/Desktop/BozkurtIlker/Unreal Engine/BozkurtIlkerFv1/Content/PN_GrassLibrary/FoliageTypes/grassFoliage/grass_02_06.uexp" 1876
"../../../Engine/Content/Functions/Engine_MaterialFunctions02/ExampleContent/DebugNumberStrip.uasset" 1877
"../../../Engine/Content/Functions/Engine_MaterialFunctions02/ExampleContent/DebugNumberStrip.uexp" 1878
"../../../Engine/Content/Functions/Engine_MaterialFunctions01/Texturing/TextureCropping.uasset" 1879
"../../../Engine/Content/Functions/Engine_MaterialFunctions01/Texturing/TextureCropping.uexp" 1880
"../../../Engine/Content/Functions/Engine_MaterialFunctions02/ExampleContent/Textures/DebugNumberPeriod.uasset" 1881
"../../../Engine/Content/Functions/Engine_MaterialFunctions02/ExampleContent/Textures/DebugNumberPeriod.uexp" 1882
"../../../Engine/Content/Functions/Engine_MaterialFunctions02/Utility/DebugScalarValues.uasset" 1883
"../../../Engine/Content/Functions/Engine_MaterialFunctions02/Utility/DebugScalarValues.uexp" 1884
"../../../Engine/Content/Functions/Engine_MaterialFunctions01/Volumetrics/SchlickPhase.uasset" 1885
"../../../Engine/Content/Functions/Engine_MaterialFunctions01/Volumetrics/SchlickPhase.uexp" 1886
"../../../Engine/Plugins/Experimental/Water/Content/Materials/PostProcessing/M_UnderWater_PostProcess_Volume.uasset" 1887
"../../../Engine/Plugins/Experimental/Water/Content/Materials/PostProcessing/M_UnderWater_PostProcess_Volume.uexp" 1888
"../../../Engine/Plugins/FX/Niagara/Content/VectorFields/Assets/TilingCurl32.uasset" 1889
"../../../Engine/Plugins/FX/Niagara/Content/VectorFields/Assets/TilingCurl32.uexp" 1890
"C:/Users/student/Desktop/BozkurtIlker/Unreal Engine/BozkurtIlkerFv1/Content/Niagara/Rain.uasset" 1891
"C:/Users/student/Desktop/BozkurtIlker/Unreal Engine/BozkurtIlkerFv1/Content/Niagara/Rain.uexp" 1892
"../../../Engine/Content/BasicShapes/BasicShapeMaterial.uasset" 1893
"../../../Engine/Content/BasicShapes/BasicShapeMaterial.uexp" 1894
"C:/Users/student/Desktop/BozkurtIlker/Unreal Engine/BozkurtIlkerFv1/Content/Fab/Megascans/Plants/Wild_Grass_vlkhcbxia/Medium/FoliageTypes/FT_vlkhcbxia_VarA.uasset" 1895
"C:/Users/student/Desktop/BozkurtIlker/Unreal Engine/BozkurtIlkerFv1/Content/Fab/Megascans/Plants/Wild_Grass_vlkhcbxia/Medium/FoliageTypes/FT_vlkhcbxia_VarA.uexp" 1896
"C:/Users/student/Desktop/BozkurtIlker/Unreal Engine/BozkurtIlkerFv1/Content/STF/Pack03-LandscapePro/Environment/Foliage/RocksLarge/cliffrock01_lod00_FoliageType.uasset" 1897
"C:/Users/student/Desktop/BozkurtIlker/Unreal Engine/BozkurtIlkerFv1/Content/STF/Pack03-LandscapePro/Environment/Foliage/RocksLarge/cliffrock01_lod00_FoliageType.uexp" 1898
"C:/Users/student/Desktop/BozkurtIlker/Unreal Engine/BozkurtIlkerFv1/Content/PC3D_Birch_Bark_v1/Meshes/SM_DemoCylinder.ubulk" 1899
"C:/Users/student/Desktop/BozkurtIlker/Unreal Engine/BozkurtIlkerFv1/Content/PC3D_Birch_Bark_v1/Meshes/SM_DemoCylinder.uasset" 1900
"C:/Users/student/Desktop/BozkurtIlker/Unreal Engine/BozkurtIlkerFv1/Content/PC3D_Birch_Bark_v1/Meshes/SM_DemoCylinder.uexp" 1901
"C:/Users/student/Desktop/BozkurtIlker/Unreal Engine/BozkurtIlkerFv1/Content/StarterContent/Textures/T_Ground_Grass_D.ubulk" 1902
"C:/Users/student/Desktop/BozkurtIlker/Unreal Engine/BozkurtIlkerFv1/Content/StarterContent/Textures/T_Ground_Grass_D.uasset" 1903
"C:/Users/student/Desktop/BozkurtIlker/Unreal Engine/BozkurtIlkerFv1/Content/StarterContent/Textures/T_Ground_Grass_D.uexp" 1904
"C:/Users/student/Desktop/BozkurtIlker/Unreal Engine/BozkurtIlkerFv1/Content/StarterContent/Textures/T_Ground_Grass_N.ubulk" 1905
"C:/Users/student/Desktop/BozkurtIlker/Unreal Engine/BozkurtIlkerFv1/Content/StarterContent/Textures/T_Ground_Grass_N.uasset" 1906
"C:/Users/student/Desktop/BozkurtIlker/Unreal Engine/BozkurtIlkerFv1/Content/StarterContent/Textures/T_Ground_Grass_N.uexp" 1907
"C:/Users/student/Desktop/BozkurtIlker/Unreal Engine/BozkurtIlkerFv1/Content/StarterContent/Textures/T_Perlin_Noise_M.ubulk" 1908
"C:/Users/student/Desktop/BozkurtIlker/Unreal Engine/BozkurtIlkerFv1/Content/StarterContent/Textures/T_Perlin_Noise_M.uasset" 1909
"C:/Users/student/Desktop/BozkurtIlker/Unreal Engine/BozkurtIlkerFv1/Content/StarterContent/Textures/T_Perlin_Noise_M.uexp" 1910
"C:/Users/student/Desktop/BozkurtIlker/Unreal Engine/BozkurtIlkerFv1/Content/StarterContent/Textures/T_MacroVariation.uasset" 1911
"C:/Users/student/Desktop/BozkurtIlker/Unreal Engine/BozkurtIlkerFv1/Content/StarterContent/Textures/T_MacroVariation.uexp" 1912
"C:/Users/student/Desktop/BozkurtIlker/Unreal Engine/BozkurtIlkerFv1/Content/StarterContent/Materials/M_Ground_Grass.uasset" 1913
"C:/Users/student/Desktop/BozkurtIlker/Unreal Engine/BozkurtIlkerFv1/Content/StarterContent/Materials/M_Ground_Grass.uexp" 1914
"C:/Users/student/Desktop/BozkurtIlker/Unreal Engine/BozkurtIlkerFv1/Content/STF/Pack03-LandscapePro/Environment/Foliage/BrokenTree/T_dead_tree_trunk_diffuse.ubulk" 1915
"C:/Users/student/Desktop/BozkurtIlker/Unreal Engine/BozkurtIlkerFv1/Content/STF/Pack03-LandscapePro/Environment/Foliage/BrokenTree/T_dead_tree_trunk_diffuse.uasset" 1916
"C:/Users/student/Desktop/BozkurtIlker/Unreal Engine/BozkurtIlkerFv1/Content/STF/Pack03-LandscapePro/Environment/Foliage/BrokenTree/T_dead_tree_trunk_diffuse.uexp" 1917
"C:/Users/student/Desktop/BozkurtIlker/Unreal Engine/BozkurtIlkerFv1/Content/STF/Pack03-LandscapePro/Environment/Foliage/BrokenTree/T_dead_tree_trunk_normal.ubulk" 1918
"C:/Users/student/Desktop/BozkurtIlker/Unreal Engine/BozkurtIlkerFv1/Content/STF/Pack03-LandscapePro/Environment/Foliage/BrokenTree/T_dead_tree_trunk_normal.uasset" 1919
"C:/Users/student/Desktop/BozkurtIlker/Unreal Engine/BozkurtIlkerFv1/Content/STF/Pack03-LandscapePro/Environment/Foliage/BrokenTree/T_dead_tree_trunk_normal.uexp" 1920
"C:/Users/student/Desktop/BozkurtIlker/Unreal Engine/BozkurtIlkerFv1/Content/STF/Pack03-LandscapePro/Environment/Foliage/BrokenTree/T_dead_tree_trunk_roughness.ubulk" 1921
"C:/Users/student/Desktop/BozkurtIlker/Unreal Engine/BozkurtIlkerFv1/Content/STF/Pack03-LandscapePro/Environment/Foliage/BrokenTree/T_dead_tree_trunk_roughness.uasset" 1922
"C:/Users/student/Desktop/BozkurtIlker/Unreal Engine/BozkurtIlkerFv1/Content/STF/Pack03-LandscapePro/Environment/Foliage/BrokenTree/T_dead_tree_trunk_roughness.uexp" 1923
"C:/Users/student/Desktop/BozkurtIlker/Unreal Engine/BozkurtIlkerFv1/Content/STF/Pack03-LandscapePro/Environment/Foliage/BrokenTree/M_tree_dead_material.uasset" 1924
"C:/Users/student/Desktop/BozkurtIlker/Unreal Engine/BozkurtIlkerFv1/Content/STF/Pack03-LandscapePro/Environment/Foliage/BrokenTree/M_tree_dead_material.uexp" 1925
"C:/Users/student/Desktop/BozkurtIlker/Unreal Engine/BozkurtIlkerFv1/Content/STF/Pack03-LandscapePro/Environment/Foliage/BrokenTree/SM_tree_dead.ubulk" 1926
"C:/Users/student/Desktop/BozkurtIlker/Unreal Engine/BozkurtIlkerFv1/Content/STF/Pack03-LandscapePro/Environment/Foliage/BrokenTree/SM_tree_dead.uasset" 1927
"C:/Users/student/Desktop/BozkurtIlker/Unreal Engine/BozkurtIlkerFv1/Content/STF/Pack03-LandscapePro/Environment/Foliage/BrokenTree/SM_tree_dead.uexp" 1928
"C:/Users/student/Desktop/BozkurtIlker/Unreal Engine/BozkurtIlkerFv1/Content/STF/Pack03-LandscapePro/Environment/Foliage/BrokenTree/OOO.uasset" 1929
"C:/Users/student/Desktop/BozkurtIlker/Unreal Engine/BozkurtIlkerFv1/Content/STF/Pack03-LandscapePro/Environment/Foliage/BrokenTree/OOO.uexp" 1930
"C:/Users/student/Desktop/BozkurtIlker/Unreal Engine/BozkurtIlkerFv1/Content/LevelPrototyping/Meshes/SM_Cube.ubulk" 1931
"C:/Users/student/Desktop/BozkurtIlker/Unreal Engine/BozkurtIlkerFv1/Content/LevelPrototyping/Meshes/SM_Cube.uasset" 1932
"C:/Users/student/Desktop/BozkurtIlker/Unreal Engine/BozkurtIlkerFv1/Content/LevelPrototyping/Meshes/SM_Cube.uexp" 1933
"C:/Users/student/Desktop/BozkurtIlker/Unreal Engine/BozkurtIlkerFv1/Content/Blureprint/BP_Deathblock.uasset" 1934
"C:/Users/student/Desktop/BozkurtIlker/Unreal Engine/BozkurtIlkerFv1/Content/Blureprint/BP_Deathblock.uexp" 1935
"C:/Users/student/Desktop/BozkurtIlker/Unreal Engine/BozkurtIlkerFv1/Content/StarterContent/Textures/T_Frame_M.ubulk" 1936
"C:/Users/student/Desktop/BozkurtIlker/Unreal Engine/BozkurtIlkerFv1/Content/StarterContent/Textures/T_Frame_M.uasset" 1937
"C:/Users/student/Desktop/BozkurtIlker/Unreal Engine/BozkurtIlkerFv1/Content/StarterContent/Textures/T_Frame_M.uexp" 1938
"C:/Users/student/Desktop/BozkurtIlker/Unreal Engine/BozkurtIlkerFv1/Content/StarterContent/Textures/T_Frame_N.ubulk" 1939
"C:/Users/student/Desktop/BozkurtIlker/Unreal Engine/BozkurtIlkerFv1/Content/StarterContent/Textures/T_Frame_N.uasset" 1940
"C:/Users/student/Desktop/BozkurtIlker/Unreal Engine/BozkurtIlkerFv1/Content/StarterContent/Textures/T_Frame_N.uexp" 1941
"C:/Users/student/Desktop/BozkurtIlker/Unreal Engine/BozkurtIlkerFv1/Content/StarterContent/Props/Materials/M_Frame.uasset" 1942
"C:/Users/student/Desktop/BozkurtIlker/Unreal Engine/BozkurtIlkerFv1/Content/StarterContent/Props/Materials/M_Frame.uexp" 1943
"C:/Users/student/Desktop/BozkurtIlker/Unreal Engine/BozkurtIlkerFv1/Content/StarterContent/Props/SM_DoorFrame.ubulk" 1944
"C:/Users/student/Desktop/BozkurtIlker/Unreal Engine/BozkurtIlkerFv1/Content/StarterContent/Props/SM_DoorFrame.uasset" 1945
"C:/Users/student/Desktop/BozkurtIlker/Unreal Engine/BozkurtIlkerFv1/Content/StarterContent/Props/SM_DoorFrame.uexp" 1946
"C:/Users/student/Desktop/BozkurtIlker/Unreal Engine/BozkurtIlkerFv1/Content/Blureprint/BP_Teleporter.uasset" 1947
"C:/Users/student/Desktop/BozkurtIlker/Unreal Engine/BozkurtIlkerFv1/Content/Blureprint/BP_Teleporter.uexp" 1948
"C:/Users/student/Desktop/BozkurtIlker/Unreal Engine/BozkurtIlkerFv1/Content/UI/time.uasset" 1949
"C:/Users/student/Desktop/BozkurtIlker/Unreal Engine/BozkurtIlkerFv1/Content/UI/time.uexp" 1950
"C:/Users/student/Desktop/BozkurtIlker/Unreal Engine/BozkurtIlkerFv1/Content/Levels/NewMap.uexp" 1951
"C:/Users/student/Desktop/BozkurtIlker/Unreal Engine/BozkurtIlkerFv1/Content/Levels/NewMap.ubulk" 1952
"C:/Users/student/Desktop/BozkurtIlker/Unreal Engine/BozkurtIlkerFv1/Content/Levels/NewMap.umap" 1953
"../../../Engine/Content/Maps/Entry_BuiltData.uasset" 1954
"../../../Engine/Content/Maps/Entry_BuiltData.uexp" 1955
"../../../Engine/Content/Maps/Entry.uexp" 1956
"../../../Engine/Content/Maps/Entry.umap" 1957
